<?xml version="1.0" encoding="UTF-8"?>
<root>
  <item name="androidx.media3.session.legacy.AudioAttributesCompat int getUsage()">
    <annotation name="androidx.annotation.IntDef">
      <val name="value" val="{androidx.media3.session.legacy.AudioAttributesCompat.USAGE_UNKNOWN, androidx.media3.session.legacy.AudioAttributesCompat.USAGE_MEDIA, androidx.media3.session.legacy.AudioAttributesCompat.USAGE_VOICE_COMMUNICATION, androidx.media3.session.legacy.AudioAttributesCompat.USAGE_VOICE_COMMUNICATION_SIGNALLING, androidx.media3.session.legacy.AudioAttributesCompat.USAGE_ALARM, androidx.media3.session.legacy.AudioAttributesCompat.USAGE_NOTIFICATION, androidx.media3.session.legacy.AudioAttributesCompat.USAGE_NOTIFICATION_RINGTONE, androidx.media3.session.legacy.AudioAttributesCompat.USAGE_NOTIFICATION_COMMUNICATION_REQUEST, androidx.media3.session.legacy.AudioAttributesCompat.USAGE_NOTIFICATION_COMMUNICATION_INSTANT, androidx.media3.session.legacy.AudioAttributesCompat.USAGE_NOTIFICATION_COMMUNICATION_DELAYED, androidx.media3.session.legacy.AudioAttributesCompat.USAGE_NOTIFICATION_EVENT, androidx.media3.session.legacy.AudioAttributesCompat.USAGE_ASSISTANCE_ACCESSIBILITY, androidx.media3.session.legacy.AudioAttributesCompat.USAGE_ASSISTANCE_NAVIGATION_GUIDANCE, androidx.media3.session.legacy.AudioAttributesCompat.USAGE_ASSISTANCE_SONIFICATION, androidx.media3.session.legacy.AudioAttributesCompat.USAGE_GAME, androidx.media3.session.legacy.AudioAttributesCompat.USAGE_ASSISTANT, androidx.media3.session.legacy.AudioAttributesCompat.USAGE_VIRTUAL_SOURCE}" />
    </annotation>
  </item>
  <item name="androidx.media3.session.legacy.AudioAttributesCompat int toVolumeStreamType(boolean, int, int) 2">
    <annotation name="androidx.annotation.IntDef">
      <val name="value" val="{androidx.media3.session.legacy.AudioAttributesCompat.USAGE_UNKNOWN, androidx.media3.session.legacy.AudioAttributesCompat.USAGE_MEDIA, androidx.media3.session.legacy.AudioAttributesCompat.USAGE_VOICE_COMMUNICATION, androidx.media3.session.legacy.AudioAttributesCompat.USAGE_VOICE_COMMUNICATION_SIGNALLING, androidx.media3.session.legacy.AudioAttributesCompat.USAGE_ALARM, androidx.media3.session.legacy.AudioAttributesCompat.USAGE_NOTIFICATION, androidx.media3.session.legacy.AudioAttributesCompat.USAGE_NOTIFICATION_RINGTONE, androidx.media3.session.legacy.AudioAttributesCompat.USAGE_NOTIFICATION_COMMUNICATION_REQUEST, androidx.media3.session.legacy.AudioAttributesCompat.USAGE_NOTIFICATION_COMMUNICATION_INSTANT, androidx.media3.session.legacy.AudioAttributesCompat.USAGE_NOTIFICATION_COMMUNICATION_DELAYED, androidx.media3.session.legacy.AudioAttributesCompat.USAGE_NOTIFICATION_EVENT, androidx.media3.session.legacy.AudioAttributesCompat.USAGE_ASSISTANCE_ACCESSIBILITY, androidx.media3.session.legacy.AudioAttributesCompat.USAGE_ASSISTANCE_NAVIGATION_GUIDANCE, androidx.media3.session.legacy.AudioAttributesCompat.USAGE_ASSISTANCE_SONIFICATION, androidx.media3.session.legacy.AudioAttributesCompat.USAGE_GAME, androidx.media3.session.legacy.AudioAttributesCompat.USAGE_ASSISTANT, androidx.media3.session.legacy.AudioAttributesCompat.USAGE_VIRTUAL_SOURCE}" />
    </annotation>
  </item>
  <item name="androidx.media3.session.legacy.AudioAttributesCompat.AttributeContentType">
    <annotation name="androidx.annotation.IntDef">
      <val name="value" val="{androidx.media3.session.legacy.AudioAttributesCompat.CONTENT_TYPE_UNKNOWN, androidx.media3.session.legacy.AudioAttributesCompat.CONTENT_TYPE_SPEECH, androidx.media3.session.legacy.AudioAttributesCompat.CONTENT_TYPE_MUSIC, androidx.media3.session.legacy.AudioAttributesCompat.CONTENT_TYPE_MOVIE, androidx.media3.session.legacy.AudioAttributesCompat.CONTENT_TYPE_SONIFICATION}" />
    </annotation>
  </item>
  <item name="androidx.media3.session.legacy.AudioAttributesCompat.AttributeUsage">
    <annotation name="androidx.annotation.IntDef">
      <val name="value" val="{androidx.media3.session.legacy.AudioAttributesCompat.USAGE_UNKNOWN, androidx.media3.session.legacy.AudioAttributesCompat.USAGE_MEDIA, androidx.media3.session.legacy.AudioAttributesCompat.USAGE_VOICE_COMMUNICATION, androidx.media3.session.legacy.AudioAttributesCompat.USAGE_VOICE_COMMUNICATION_SIGNALLING, androidx.media3.session.legacy.AudioAttributesCompat.USAGE_ALARM, androidx.media3.session.legacy.AudioAttributesCompat.USAGE_NOTIFICATION, androidx.media3.session.legacy.AudioAttributesCompat.USAGE_NOTIFICATION_RINGTONE, androidx.media3.session.legacy.AudioAttributesCompat.USAGE_NOTIFICATION_COMMUNICATION_REQUEST, androidx.media3.session.legacy.AudioAttributesCompat.USAGE_NOTIFICATION_COMMUNICATION_INSTANT, androidx.media3.session.legacy.AudioAttributesCompat.USAGE_NOTIFICATION_COMMUNICATION_DELAYED, androidx.media3.session.legacy.AudioAttributesCompat.USAGE_NOTIFICATION_EVENT, androidx.media3.session.legacy.AudioAttributesCompat.USAGE_ASSISTANCE_ACCESSIBILITY, androidx.media3.session.legacy.AudioAttributesCompat.USAGE_ASSISTANCE_NAVIGATION_GUIDANCE, androidx.media3.session.legacy.AudioAttributesCompat.USAGE_ASSISTANCE_SONIFICATION, androidx.media3.session.legacy.AudioAttributesCompat.USAGE_GAME, androidx.media3.session.legacy.AudioAttributesCompat.USAGE_ASSISTANT, androidx.media3.session.legacy.AudioAttributesCompat.USAGE_VIRTUAL_SOURCE}" />
    </annotation>
  </item>
  <item name="androidx.media3.session.legacy.AudioAttributesCompat.AudioAttributesImpl int getUsage()">
    <annotation name="androidx.annotation.IntDef">
      <val name="value" val="{androidx.media3.session.legacy.AudioAttributesCompat.USAGE_UNKNOWN, androidx.media3.session.legacy.AudioAttributesCompat.USAGE_MEDIA, androidx.media3.session.legacy.AudioAttributesCompat.USAGE_VOICE_COMMUNICATION, androidx.media3.session.legacy.AudioAttributesCompat.USAGE_VOICE_COMMUNICATION_SIGNALLING, androidx.media3.session.legacy.AudioAttributesCompat.USAGE_ALARM, androidx.media3.session.legacy.AudioAttributesCompat.USAGE_NOTIFICATION, androidx.media3.session.legacy.AudioAttributesCompat.USAGE_NOTIFICATION_RINGTONE, androidx.media3.session.legacy.AudioAttributesCompat.USAGE_NOTIFICATION_COMMUNICATION_REQUEST, androidx.media3.session.legacy.AudioAttributesCompat.USAGE_NOTIFICATION_COMMUNICATION_INSTANT, androidx.media3.session.legacy.AudioAttributesCompat.USAGE_NOTIFICATION_COMMUNICATION_DELAYED, androidx.media3.session.legacy.AudioAttributesCompat.USAGE_NOTIFICATION_EVENT, androidx.media3.session.legacy.AudioAttributesCompat.USAGE_ASSISTANCE_ACCESSIBILITY, androidx.media3.session.legacy.AudioAttributesCompat.USAGE_ASSISTANCE_NAVIGATION_GUIDANCE, androidx.media3.session.legacy.AudioAttributesCompat.USAGE_ASSISTANCE_SONIFICATION, androidx.media3.session.legacy.AudioAttributesCompat.USAGE_GAME, androidx.media3.session.legacy.AudioAttributesCompat.USAGE_ASSISTANT, androidx.media3.session.legacy.AudioAttributesCompat.USAGE_VIRTUAL_SOURCE}" />
    </annotation>
  </item>
  <item name="androidx.media3.session.legacy.AudioAttributesCompat.AudioAttributesImpl.Builder androidx.media3.session.legacy.AudioAttributesCompat.AudioAttributesImpl.Builder setContentType(int) 0">
    <annotation name="androidx.annotation.IntDef">
      <val name="value" val="{androidx.media3.session.legacy.AudioAttributesCompat.CONTENT_TYPE_UNKNOWN, androidx.media3.session.legacy.AudioAttributesCompat.CONTENT_TYPE_SPEECH, androidx.media3.session.legacy.AudioAttributesCompat.CONTENT_TYPE_MUSIC, androidx.media3.session.legacy.AudioAttributesCompat.CONTENT_TYPE_MOVIE, androidx.media3.session.legacy.AudioAttributesCompat.CONTENT_TYPE_SONIFICATION}" />
    </annotation>
  </item>
  <item name="androidx.media3.session.legacy.AudioAttributesCompat.AudioAttributesImpl.Builder androidx.media3.session.legacy.AudioAttributesCompat.AudioAttributesImpl.Builder setUsage(int) 0">
    <annotation name="androidx.annotation.IntDef">
      <val name="value" val="{androidx.media3.session.legacy.AudioAttributesCompat.USAGE_UNKNOWN, androidx.media3.session.legacy.AudioAttributesCompat.USAGE_MEDIA, androidx.media3.session.legacy.AudioAttributesCompat.USAGE_VOICE_COMMUNICATION, androidx.media3.session.legacy.AudioAttributesCompat.USAGE_VOICE_COMMUNICATION_SIGNALLING, androidx.media3.session.legacy.AudioAttributesCompat.USAGE_ALARM, androidx.media3.session.legacy.AudioAttributesCompat.USAGE_NOTIFICATION, androidx.media3.session.legacy.AudioAttributesCompat.USAGE_NOTIFICATION_RINGTONE, androidx.media3.session.legacy.AudioAttributesCompat.USAGE_NOTIFICATION_COMMUNICATION_REQUEST, androidx.media3.session.legacy.AudioAttributesCompat.USAGE_NOTIFICATION_COMMUNICATION_INSTANT, androidx.media3.session.legacy.AudioAttributesCompat.USAGE_NOTIFICATION_COMMUNICATION_DELAYED, androidx.media3.session.legacy.AudioAttributesCompat.USAGE_NOTIFICATION_EVENT, androidx.media3.session.legacy.AudioAttributesCompat.USAGE_ASSISTANCE_ACCESSIBILITY, androidx.media3.session.legacy.AudioAttributesCompat.USAGE_ASSISTANCE_NAVIGATION_GUIDANCE, androidx.media3.session.legacy.AudioAttributesCompat.USAGE_ASSISTANCE_SONIFICATION, androidx.media3.session.legacy.AudioAttributesCompat.USAGE_GAME, androidx.media3.session.legacy.AudioAttributesCompat.USAGE_ASSISTANT, androidx.media3.session.legacy.AudioAttributesCompat.USAGE_VIRTUAL_SOURCE}" />
    </annotation>
  </item>
  <item name="androidx.media3.session.legacy.AudioAttributesCompat.AudioAttributesImplApi21 int getUsage()">
    <annotation name="androidx.annotation.IntDef">
      <val name="value" val="{androidx.media3.session.legacy.AudioAttributesCompat.USAGE_UNKNOWN, androidx.media3.session.legacy.AudioAttributesCompat.USAGE_MEDIA, androidx.media3.session.legacy.AudioAttributesCompat.USAGE_VOICE_COMMUNICATION, androidx.media3.session.legacy.AudioAttributesCompat.USAGE_VOICE_COMMUNICATION_SIGNALLING, androidx.media3.session.legacy.AudioAttributesCompat.USAGE_ALARM, androidx.media3.session.legacy.AudioAttributesCompat.USAGE_NOTIFICATION, androidx.media3.session.legacy.AudioAttributesCompat.USAGE_NOTIFICATION_RINGTONE, androidx.media3.session.legacy.AudioAttributesCompat.USAGE_NOTIFICATION_COMMUNICATION_REQUEST, androidx.media3.session.legacy.AudioAttributesCompat.USAGE_NOTIFICATION_COMMUNICATION_INSTANT, androidx.media3.session.legacy.AudioAttributesCompat.USAGE_NOTIFICATION_COMMUNICATION_DELAYED, androidx.media3.session.legacy.AudioAttributesCompat.USAGE_NOTIFICATION_EVENT, androidx.media3.session.legacy.AudioAttributesCompat.USAGE_ASSISTANCE_ACCESSIBILITY, androidx.media3.session.legacy.AudioAttributesCompat.USAGE_ASSISTANCE_NAVIGATION_GUIDANCE, androidx.media3.session.legacy.AudioAttributesCompat.USAGE_ASSISTANCE_SONIFICATION, androidx.media3.session.legacy.AudioAttributesCompat.USAGE_GAME, androidx.media3.session.legacy.AudioAttributesCompat.USAGE_ASSISTANT, androidx.media3.session.legacy.AudioAttributesCompat.USAGE_VIRTUAL_SOURCE}" />
    </annotation>
  </item>
  <item name="androidx.media3.session.legacy.AudioAttributesCompat.AudioAttributesImplBase int getUsage()">
    <annotation name="androidx.annotation.IntDef">
      <val name="value" val="{androidx.media3.session.legacy.AudioAttributesCompat.USAGE_UNKNOWN, androidx.media3.session.legacy.AudioAttributesCompat.USAGE_MEDIA, androidx.media3.session.legacy.AudioAttributesCompat.USAGE_VOICE_COMMUNICATION, androidx.media3.session.legacy.AudioAttributesCompat.USAGE_VOICE_COMMUNICATION_SIGNALLING, androidx.media3.session.legacy.AudioAttributesCompat.USAGE_ALARM, androidx.media3.session.legacy.AudioAttributesCompat.USAGE_NOTIFICATION, androidx.media3.session.legacy.AudioAttributesCompat.USAGE_NOTIFICATION_RINGTONE, androidx.media3.session.legacy.AudioAttributesCompat.USAGE_NOTIFICATION_COMMUNICATION_REQUEST, androidx.media3.session.legacy.AudioAttributesCompat.USAGE_NOTIFICATION_COMMUNICATION_INSTANT, androidx.media3.session.legacy.AudioAttributesCompat.USAGE_NOTIFICATION_COMMUNICATION_DELAYED, androidx.media3.session.legacy.AudioAttributesCompat.USAGE_NOTIFICATION_EVENT, androidx.media3.session.legacy.AudioAttributesCompat.USAGE_ASSISTANCE_ACCESSIBILITY, androidx.media3.session.legacy.AudioAttributesCompat.USAGE_ASSISTANCE_NAVIGATION_GUIDANCE, androidx.media3.session.legacy.AudioAttributesCompat.USAGE_ASSISTANCE_SONIFICATION, androidx.media3.session.legacy.AudioAttributesCompat.USAGE_GAME, androidx.media3.session.legacy.AudioAttributesCompat.USAGE_ASSISTANT, androidx.media3.session.legacy.AudioAttributesCompat.USAGE_VIRTUAL_SOURCE}" />
    </annotation>
  </item>
  <item name="androidx.media3.session.legacy.AudioAttributesCompat.AudioAttributesImplBase.Builder androidx.media3.session.legacy.AudioAttributesCompat.AudioAttributesImplBase.Builder setContentType(int) 0">
    <annotation name="androidx.annotation.IntDef">
      <val name="value" val="{androidx.media3.session.legacy.AudioAttributesCompat.CONTENT_TYPE_UNKNOWN, androidx.media3.session.legacy.AudioAttributesCompat.CONTENT_TYPE_SPEECH, androidx.media3.session.legacy.AudioAttributesCompat.CONTENT_TYPE_MUSIC, androidx.media3.session.legacy.AudioAttributesCompat.CONTENT_TYPE_MOVIE, androidx.media3.session.legacy.AudioAttributesCompat.CONTENT_TYPE_SONIFICATION}" />
    </annotation>
  </item>
  <item name="androidx.media3.session.legacy.AudioAttributesCompat.AudioAttributesImplBase.Builder androidx.media3.session.legacy.AudioAttributesCompat.AudioAttributesImplBase.Builder setUsage(int) 0">
    <annotation name="androidx.annotation.IntDef">
      <val name="value" val="{androidx.media3.session.legacy.AudioAttributesCompat.USAGE_UNKNOWN, androidx.media3.session.legacy.AudioAttributesCompat.USAGE_MEDIA, androidx.media3.session.legacy.AudioAttributesCompat.USAGE_VOICE_COMMUNICATION, androidx.media3.session.legacy.AudioAttributesCompat.USAGE_VOICE_COMMUNICATION_SIGNALLING, androidx.media3.session.legacy.AudioAttributesCompat.USAGE_ALARM, androidx.media3.session.legacy.AudioAttributesCompat.USAGE_NOTIFICATION, androidx.media3.session.legacy.AudioAttributesCompat.USAGE_NOTIFICATION_RINGTONE, androidx.media3.session.legacy.AudioAttributesCompat.USAGE_NOTIFICATION_COMMUNICATION_REQUEST, androidx.media3.session.legacy.AudioAttributesCompat.USAGE_NOTIFICATION_COMMUNICATION_INSTANT, androidx.media3.session.legacy.AudioAttributesCompat.USAGE_NOTIFICATION_COMMUNICATION_DELAYED, androidx.media3.session.legacy.AudioAttributesCompat.USAGE_NOTIFICATION_EVENT, androidx.media3.session.legacy.AudioAttributesCompat.USAGE_ASSISTANCE_ACCESSIBILITY, androidx.media3.session.legacy.AudioAttributesCompat.USAGE_ASSISTANCE_NAVIGATION_GUIDANCE, androidx.media3.session.legacy.AudioAttributesCompat.USAGE_ASSISTANCE_SONIFICATION, androidx.media3.session.legacy.AudioAttributesCompat.USAGE_GAME, androidx.media3.session.legacy.AudioAttributesCompat.USAGE_ASSISTANT, androidx.media3.session.legacy.AudioAttributesCompat.USAGE_VIRTUAL_SOURCE}" />
    </annotation>
  </item>
  <item name="androidx.media3.session.legacy.AudioAttributesCompat.Builder androidx.media3.session.legacy.AudioAttributesCompat.Builder setContentType(int) 0">
    <annotation name="androidx.annotation.IntDef">
      <val name="value" val="{androidx.media3.session.legacy.AudioAttributesCompat.CONTENT_TYPE_UNKNOWN, androidx.media3.session.legacy.AudioAttributesCompat.CONTENT_TYPE_SPEECH, androidx.media3.session.legacy.AudioAttributesCompat.CONTENT_TYPE_MUSIC, androidx.media3.session.legacy.AudioAttributesCompat.CONTENT_TYPE_MOVIE, androidx.media3.session.legacy.AudioAttributesCompat.CONTENT_TYPE_SONIFICATION}" />
    </annotation>
  </item>
  <item name="androidx.media3.session.legacy.AudioAttributesCompat.Builder androidx.media3.session.legacy.AudioAttributesCompat.Builder setUsage(int) 0">
    <annotation name="androidx.annotation.IntDef">
      <val name="value" val="{androidx.media3.session.legacy.AudioAttributesCompat.USAGE_UNKNOWN, androidx.media3.session.legacy.AudioAttributesCompat.USAGE_MEDIA, androidx.media3.session.legacy.AudioAttributesCompat.USAGE_VOICE_COMMUNICATION, androidx.media3.session.legacy.AudioAttributesCompat.USAGE_VOICE_COMMUNICATION_SIGNALLING, androidx.media3.session.legacy.AudioAttributesCompat.USAGE_ALARM, androidx.media3.session.legacy.AudioAttributesCompat.USAGE_NOTIFICATION, androidx.media3.session.legacy.AudioAttributesCompat.USAGE_NOTIFICATION_RINGTONE, androidx.media3.session.legacy.AudioAttributesCompat.USAGE_NOTIFICATION_COMMUNICATION_REQUEST, androidx.media3.session.legacy.AudioAttributesCompat.USAGE_NOTIFICATION_COMMUNICATION_INSTANT, androidx.media3.session.legacy.AudioAttributesCompat.USAGE_NOTIFICATION_COMMUNICATION_DELAYED, androidx.media3.session.legacy.AudioAttributesCompat.USAGE_NOTIFICATION_EVENT, androidx.media3.session.legacy.AudioAttributesCompat.USAGE_ASSISTANCE_ACCESSIBILITY, androidx.media3.session.legacy.AudioAttributesCompat.USAGE_ASSISTANCE_NAVIGATION_GUIDANCE, androidx.media3.session.legacy.AudioAttributesCompat.USAGE_ASSISTANCE_SONIFICATION, androidx.media3.session.legacy.AudioAttributesCompat.USAGE_GAME, androidx.media3.session.legacy.AudioAttributesCompat.USAGE_ASSISTANT, androidx.media3.session.legacy.AudioAttributesCompat.USAGE_VIRTUAL_SOURCE}" />
    </annotation>
  </item>
  <item name="androidx.media3.session.legacy.MediaBrowserCompat.MediaItem MediaItem(androidx.media3.session.legacy.MediaDescriptionCompat, int) 1">
    <annotation name="androidx.annotation.IntDef">
      <val name="flag" val="true" />
      <val name="value" val="{androidx.media3.session.legacy.MediaBrowserCompat.MediaItem.FLAG_BROWSABLE, androidx.media3.session.legacy.MediaBrowserCompat.MediaItem.FLAG_PLAYABLE}" />
    </annotation>
  </item>
  <item name="androidx.media3.session.legacy.MediaBrowserCompat.MediaItem int getFlags()">
    <annotation name="androidx.annotation.IntDef">
      <val name="flag" val="true" />
      <val name="value" val="{androidx.media3.session.legacy.MediaBrowserCompat.MediaItem.FLAG_BROWSABLE, androidx.media3.session.legacy.MediaBrowserCompat.MediaItem.FLAG_PLAYABLE}" />
    </annotation>
  </item>
  <item name="androidx.media3.session.legacy.MediaBrowserServiceCompat.Result void setFlags(int) 0">
    <annotation name="androidx.annotation.IntDef">
      <val name="flag" val="true" />
      <val name="value" val="{androidx.media3.session.legacy.MediaBrowserServiceCompat.RESULT_FLAG_OPTION_NOT_HANDLED, androidx.media3.session.legacy.MediaBrowserServiceCompat.RESULT_FLAG_ON_LOAD_ITEM_NOT_IMPLEMENTED, androidx.media3.session.legacy.MediaBrowserServiceCompat.RESULT_FLAG_ON_SEARCH_NOT_IMPLEMENTED}" />
    </annotation>
  </item>
  <item name="androidx.media3.session.legacy.MediaButtonReceiver android.app.PendingIntent buildMediaButtonPendingIntent(android.content.Context, android.content.ComponentName, long) 2">
    <annotation name="androidx.annotation.LongDef">
      <val name="value" val="{androidx.media3.session.legacy.PlaybackStateCompat.ACTION_STOP, androidx.media3.session.legacy.PlaybackStateCompat.ACTION_PAUSE, androidx.media3.session.legacy.PlaybackStateCompat.ACTION_PLAY, androidx.media3.session.legacy.PlaybackStateCompat.ACTION_REWIND, androidx.media3.session.legacy.PlaybackStateCompat.ACTION_SKIP_TO_PREVIOUS, androidx.media3.session.legacy.PlaybackStateCompat.ACTION_SKIP_TO_NEXT, androidx.media3.session.legacy.PlaybackStateCompat.ACTION_FAST_FORWARD, androidx.media3.session.legacy.PlaybackStateCompat.ACTION_PLAY_PAUSE}" />
    </annotation>
  </item>
  <item name="androidx.media3.session.legacy.MediaButtonReceiver android.app.PendingIntent buildMediaButtonPendingIntent(android.content.Context, long) 1">
    <annotation name="androidx.annotation.LongDef">
      <val name="value" val="{androidx.media3.session.legacy.PlaybackStateCompat.ACTION_STOP, androidx.media3.session.legacy.PlaybackStateCompat.ACTION_PAUSE, androidx.media3.session.legacy.PlaybackStateCompat.ACTION_PLAY, androidx.media3.session.legacy.PlaybackStateCompat.ACTION_REWIND, androidx.media3.session.legacy.PlaybackStateCompat.ACTION_SKIP_TO_PREVIOUS, androidx.media3.session.legacy.PlaybackStateCompat.ACTION_SKIP_TO_NEXT, androidx.media3.session.legacy.PlaybackStateCompat.ACTION_FAST_FORWARD, androidx.media3.session.legacy.PlaybackStateCompat.ACTION_PLAY_PAUSE}" />
    </annotation>
  </item>
  <item name="androidx.media3.session.legacy.MediaControllerCompat.Callback void onRepeatModeChanged(int) 0">
    <annotation name="androidx.annotation.IntDef">
      <val name="value" val="{androidx.media3.session.legacy.PlaybackStateCompat.REPEAT_MODE_INVALID, androidx.media3.session.legacy.PlaybackStateCompat.REPEAT_MODE_NONE, androidx.media3.session.legacy.PlaybackStateCompat.REPEAT_MODE_ONE, androidx.media3.session.legacy.PlaybackStateCompat.REPEAT_MODE_ALL, androidx.media3.session.legacy.PlaybackStateCompat.REPEAT_MODE_GROUP}" />
    </annotation>
  </item>
  <item name="androidx.media3.session.legacy.MediaControllerCompat.Callback void onShuffleModeChanged(int) 0">
    <annotation name="androidx.annotation.IntDef">
      <val name="value" val="{androidx.media3.session.legacy.PlaybackStateCompat.SHUFFLE_MODE_INVALID, androidx.media3.session.legacy.PlaybackStateCompat.SHUFFLE_MODE_NONE, androidx.media3.session.legacy.PlaybackStateCompat.SHUFFLE_MODE_ALL, androidx.media3.session.legacy.PlaybackStateCompat.SHUFFLE_MODE_GROUP}" />
    </annotation>
  </item>
  <item name="androidx.media3.session.legacy.MediaControllerCompat.TransportControls void setRepeatMode(int) 0">
    <annotation name="androidx.annotation.IntDef">
      <val name="value" val="{androidx.media3.session.legacy.PlaybackStateCompat.REPEAT_MODE_INVALID, androidx.media3.session.legacy.PlaybackStateCompat.REPEAT_MODE_NONE, androidx.media3.session.legacy.PlaybackStateCompat.REPEAT_MODE_ONE, androidx.media3.session.legacy.PlaybackStateCompat.REPEAT_MODE_ALL, androidx.media3.session.legacy.PlaybackStateCompat.REPEAT_MODE_GROUP}" />
    </annotation>
  </item>
  <item name="androidx.media3.session.legacy.MediaControllerCompat.TransportControls void setShuffleMode(int) 0">
    <annotation name="androidx.annotation.IntDef">
      <val name="value" val="{androidx.media3.session.legacy.PlaybackStateCompat.SHUFFLE_MODE_INVALID, androidx.media3.session.legacy.PlaybackStateCompat.SHUFFLE_MODE_NONE, androidx.media3.session.legacy.PlaybackStateCompat.SHUFFLE_MODE_ALL, androidx.media3.session.legacy.PlaybackStateCompat.SHUFFLE_MODE_GROUP}" />
    </annotation>
  </item>
  <item name="androidx.media3.session.legacy.MediaControllerCompat.TransportControlsApi21 void setRepeatMode(int) 0">
    <annotation name="androidx.annotation.IntDef">
      <val name="value" val="{androidx.media3.session.legacy.PlaybackStateCompat.REPEAT_MODE_INVALID, androidx.media3.session.legacy.PlaybackStateCompat.REPEAT_MODE_NONE, androidx.media3.session.legacy.PlaybackStateCompat.REPEAT_MODE_ONE, androidx.media3.session.legacy.PlaybackStateCompat.REPEAT_MODE_ALL, androidx.media3.session.legacy.PlaybackStateCompat.REPEAT_MODE_GROUP}" />
    </annotation>
  </item>
  <item name="androidx.media3.session.legacy.MediaControllerCompat.TransportControlsApi21 void setShuffleMode(int) 0">
    <annotation name="androidx.annotation.IntDef">
      <val name="value" val="{androidx.media3.session.legacy.PlaybackStateCompat.SHUFFLE_MODE_INVALID, androidx.media3.session.legacy.PlaybackStateCompat.SHUFFLE_MODE_NONE, androidx.media3.session.legacy.PlaybackStateCompat.SHUFFLE_MODE_ALL, androidx.media3.session.legacy.PlaybackStateCompat.SHUFFLE_MODE_GROUP}" />
    </annotation>
  </item>
  <item name="androidx.media3.session.legacy.MediaControllerCompat.TransportControlsBase void setRepeatMode(int) 0">
    <annotation name="androidx.annotation.IntDef">
      <val name="value" val="{androidx.media3.session.legacy.PlaybackStateCompat.REPEAT_MODE_INVALID, androidx.media3.session.legacy.PlaybackStateCompat.REPEAT_MODE_NONE, androidx.media3.session.legacy.PlaybackStateCompat.REPEAT_MODE_ONE, androidx.media3.session.legacy.PlaybackStateCompat.REPEAT_MODE_ALL, androidx.media3.session.legacy.PlaybackStateCompat.REPEAT_MODE_GROUP}" />
    </annotation>
  </item>
  <item name="androidx.media3.session.legacy.MediaControllerCompat.TransportControlsBase void setShuffleMode(int) 0">
    <annotation name="androidx.annotation.IntDef">
      <val name="value" val="{androidx.media3.session.legacy.PlaybackStateCompat.SHUFFLE_MODE_INVALID, androidx.media3.session.legacy.PlaybackStateCompat.SHUFFLE_MODE_NONE, androidx.media3.session.legacy.PlaybackStateCompat.SHUFFLE_MODE_ALL, androidx.media3.session.legacy.PlaybackStateCompat.SHUFFLE_MODE_GROUP}" />
    </annotation>
  </item>
  <item name="androidx.media3.session.legacy.MediaMetadataCompat PREFERRED_BITMAP_ORDER">
    <annotation name="androidx.annotation.StringDef">
      <val name="value" val="{androidx.media3.session.legacy.MediaMetadataCompat.METADATA_KEY_ART, androidx.media3.session.legacy.MediaMetadataCompat.METADATA_KEY_ALBUM_ART, androidx.media3.session.legacy.MediaMetadataCompat.METADATA_KEY_DISPLAY_ICON}" />
    </annotation>
  </item>
  <item name="androidx.media3.session.legacy.MediaMetadataCompat PREFERRED_DESCRIPTION_ORDER">
    <annotation name="androidx.annotation.StringDef">
      <val name="value" val="{androidx.media3.session.legacy.MediaMetadataCompat.METADATA_KEY_TITLE, androidx.media3.session.legacy.MediaMetadataCompat.METADATA_KEY_ARTIST, androidx.media3.session.legacy.MediaMetadataCompat.METADATA_KEY_ALBUM, androidx.media3.session.legacy.MediaMetadataCompat.METADATA_KEY_AUTHOR, androidx.media3.session.legacy.MediaMetadataCompat.METADATA_KEY_WRITER, androidx.media3.session.legacy.MediaMetadataCompat.METADATA_KEY_COMPOSER, androidx.media3.session.legacy.MediaMetadataCompat.METADATA_KEY_COMPILATION, androidx.media3.session.legacy.MediaMetadataCompat.METADATA_KEY_DATE, androidx.media3.session.legacy.MediaMetadataCompat.METADATA_KEY_GENRE, androidx.media3.session.legacy.MediaMetadataCompat.METADATA_KEY_ALBUM_ARTIST, androidx.media3.session.legacy.MediaMetadataCompat.METADATA_KEY_ART_URI, androidx.media3.session.legacy.MediaMetadataCompat.METADATA_KEY_ALBUM_ART_URI, androidx.media3.session.legacy.MediaMetadataCompat.METADATA_KEY_DISPLAY_TITLE, androidx.media3.session.legacy.MediaMetadataCompat.METADATA_KEY_DISPLAY_SUBTITLE, androidx.media3.session.legacy.MediaMetadataCompat.METADATA_KEY_DISPLAY_DESCRIPTION, androidx.media3.session.legacy.MediaMetadataCompat.METADATA_KEY_DISPLAY_ICON_URI, androidx.media3.session.legacy.MediaMetadataCompat.METADATA_KEY_MEDIA_ID, androidx.media3.session.legacy.MediaMetadataCompat.METADATA_KEY_MEDIA_URI}" />
      <val name="open" val="true" />
    </annotation>
  </item>
  <item name="androidx.media3.session.legacy.MediaMetadataCompat PREFERRED_URI_ORDER">
    <annotation name="androidx.annotation.StringDef">
      <val name="value" val="{androidx.media3.session.legacy.MediaMetadataCompat.METADATA_KEY_TITLE, androidx.media3.session.legacy.MediaMetadataCompat.METADATA_KEY_ARTIST, androidx.media3.session.legacy.MediaMetadataCompat.METADATA_KEY_ALBUM, androidx.media3.session.legacy.MediaMetadataCompat.METADATA_KEY_AUTHOR, androidx.media3.session.legacy.MediaMetadataCompat.METADATA_KEY_WRITER, androidx.media3.session.legacy.MediaMetadataCompat.METADATA_KEY_COMPOSER, androidx.media3.session.legacy.MediaMetadataCompat.METADATA_KEY_COMPILATION, androidx.media3.session.legacy.MediaMetadataCompat.METADATA_KEY_DATE, androidx.media3.session.legacy.MediaMetadataCompat.METADATA_KEY_GENRE, androidx.media3.session.legacy.MediaMetadataCompat.METADATA_KEY_ALBUM_ARTIST, androidx.media3.session.legacy.MediaMetadataCompat.METADATA_KEY_ART_URI, androidx.media3.session.legacy.MediaMetadataCompat.METADATA_KEY_ALBUM_ART_URI, androidx.media3.session.legacy.MediaMetadataCompat.METADATA_KEY_DISPLAY_TITLE, androidx.media3.session.legacy.MediaMetadataCompat.METADATA_KEY_DISPLAY_SUBTITLE, androidx.media3.session.legacy.MediaMetadataCompat.METADATA_KEY_DISPLAY_DESCRIPTION, androidx.media3.session.legacy.MediaMetadataCompat.METADATA_KEY_DISPLAY_ICON_URI, androidx.media3.session.legacy.MediaMetadataCompat.METADATA_KEY_MEDIA_ID, androidx.media3.session.legacy.MediaMetadataCompat.METADATA_KEY_MEDIA_URI}" />
      <val name="open" val="true" />
    </annotation>
  </item>
  <item name="androidx.media3.session.legacy.MediaMetadataCompat android.graphics.Bitmap getBitmap(java.lang.String) 0">
    <annotation name="androidx.annotation.StringDef">
      <val name="value" val="{androidx.media3.session.legacy.MediaMetadataCompat.METADATA_KEY_ART, androidx.media3.session.legacy.MediaMetadataCompat.METADATA_KEY_ALBUM_ART, androidx.media3.session.legacy.MediaMetadataCompat.METADATA_KEY_DISPLAY_ICON}" />
    </annotation>
  </item>
  <item name="androidx.media3.session.legacy.MediaMetadataCompat androidx.media3.session.legacy.RatingCompat getRating(java.lang.String) 0">
    <annotation name="androidx.annotation.StringDef">
      <val name="value" val="{androidx.media3.session.legacy.MediaMetadataCompat.METADATA_KEY_USER_RATING, androidx.media3.session.legacy.MediaMetadataCompat.METADATA_KEY_RATING}" />
    </annotation>
  </item>
  <item name="androidx.media3.session.legacy.MediaMetadataCompat java.lang.CharSequence getText(java.lang.String) 0">
    <annotation name="androidx.annotation.StringDef">
      <val name="value" val="{androidx.media3.session.legacy.MediaMetadataCompat.METADATA_KEY_TITLE, androidx.media3.session.legacy.MediaMetadataCompat.METADATA_KEY_ARTIST, androidx.media3.session.legacy.MediaMetadataCompat.METADATA_KEY_ALBUM, androidx.media3.session.legacy.MediaMetadataCompat.METADATA_KEY_AUTHOR, androidx.media3.session.legacy.MediaMetadataCompat.METADATA_KEY_WRITER, androidx.media3.session.legacy.MediaMetadataCompat.METADATA_KEY_COMPOSER, androidx.media3.session.legacy.MediaMetadataCompat.METADATA_KEY_COMPILATION, androidx.media3.session.legacy.MediaMetadataCompat.METADATA_KEY_DATE, androidx.media3.session.legacy.MediaMetadataCompat.METADATA_KEY_GENRE, androidx.media3.session.legacy.MediaMetadataCompat.METADATA_KEY_ALBUM_ARTIST, androidx.media3.session.legacy.MediaMetadataCompat.METADATA_KEY_ART_URI, androidx.media3.session.legacy.MediaMetadataCompat.METADATA_KEY_ALBUM_ART_URI, androidx.media3.session.legacy.MediaMetadataCompat.METADATA_KEY_DISPLAY_TITLE, androidx.media3.session.legacy.MediaMetadataCompat.METADATA_KEY_DISPLAY_SUBTITLE, androidx.media3.session.legacy.MediaMetadataCompat.METADATA_KEY_DISPLAY_DESCRIPTION, androidx.media3.session.legacy.MediaMetadataCompat.METADATA_KEY_DISPLAY_ICON_URI, androidx.media3.session.legacy.MediaMetadataCompat.METADATA_KEY_MEDIA_ID, androidx.media3.session.legacy.MediaMetadataCompat.METADATA_KEY_MEDIA_URI}" />
      <val name="open" val="true" />
    </annotation>
  </item>
  <item name="androidx.media3.session.legacy.MediaMetadataCompat java.lang.String getString(java.lang.String) 0">
    <annotation name="androidx.annotation.StringDef">
      <val name="value" val="{androidx.media3.session.legacy.MediaMetadataCompat.METADATA_KEY_TITLE, androidx.media3.session.legacy.MediaMetadataCompat.METADATA_KEY_ARTIST, androidx.media3.session.legacy.MediaMetadataCompat.METADATA_KEY_ALBUM, androidx.media3.session.legacy.MediaMetadataCompat.METADATA_KEY_AUTHOR, androidx.media3.session.legacy.MediaMetadataCompat.METADATA_KEY_WRITER, androidx.media3.session.legacy.MediaMetadataCompat.METADATA_KEY_COMPOSER, androidx.media3.session.legacy.MediaMetadataCompat.METADATA_KEY_COMPILATION, androidx.media3.session.legacy.MediaMetadataCompat.METADATA_KEY_DATE, androidx.media3.session.legacy.MediaMetadataCompat.METADATA_KEY_GENRE, androidx.media3.session.legacy.MediaMetadataCompat.METADATA_KEY_ALBUM_ARTIST, androidx.media3.session.legacy.MediaMetadataCompat.METADATA_KEY_ART_URI, androidx.media3.session.legacy.MediaMetadataCompat.METADATA_KEY_ALBUM_ART_URI, androidx.media3.session.legacy.MediaMetadataCompat.METADATA_KEY_DISPLAY_TITLE, androidx.media3.session.legacy.MediaMetadataCompat.METADATA_KEY_DISPLAY_SUBTITLE, androidx.media3.session.legacy.MediaMetadataCompat.METADATA_KEY_DISPLAY_DESCRIPTION, androidx.media3.session.legacy.MediaMetadataCompat.METADATA_KEY_DISPLAY_ICON_URI, androidx.media3.session.legacy.MediaMetadataCompat.METADATA_KEY_MEDIA_ID, androidx.media3.session.legacy.MediaMetadataCompat.METADATA_KEY_MEDIA_URI}" />
      <val name="open" val="true" />
    </annotation>
  </item>
  <item name="androidx.media3.session.legacy.MediaMetadataCompat long getLong(java.lang.String) 0">
    <annotation name="androidx.annotation.StringDef">
      <val name="value" val="{androidx.media3.session.legacy.MediaMetadataCompat.METADATA_KEY_DURATION, androidx.media3.session.legacy.MediaMetadataCompat.METADATA_KEY_YEAR, androidx.media3.session.legacy.MediaMetadataCompat.METADATA_KEY_TRACK_NUMBER, androidx.media3.session.legacy.MediaMetadataCompat.METADATA_KEY_NUM_TRACKS, androidx.media3.session.legacy.MediaMetadataCompat.METADATA_KEY_DISC_NUMBER, androidx.media3.session.legacy.MediaMetadataCompat.METADATA_KEY_BT_FOLDER_TYPE, androidx.media3.session.legacy.MediaMetadataCompat.METADATA_KEY_ADVERTISEMENT, androidx.media3.session.legacy.MediaMetadataCompat.METADATA_KEY_DOWNLOAD_STATUS}" />
      <val name="open" val="true" />
    </annotation>
  </item>
  <item name="androidx.media3.session.legacy.MediaMetadataCompat.Builder androidx.media3.session.legacy.MediaMetadataCompat.Builder putBitmap(java.lang.String, android.graphics.Bitmap) 0">
    <annotation name="androidx.annotation.StringDef">
      <val name="value" val="{androidx.media3.session.legacy.MediaMetadataCompat.METADATA_KEY_ART, androidx.media3.session.legacy.MediaMetadataCompat.METADATA_KEY_ALBUM_ART, androidx.media3.session.legacy.MediaMetadataCompat.METADATA_KEY_DISPLAY_ICON}" />
    </annotation>
  </item>
  <item name="androidx.media3.session.legacy.MediaMetadataCompat.Builder androidx.media3.session.legacy.MediaMetadataCompat.Builder putLong(java.lang.String, long) 0">
    <annotation name="androidx.annotation.StringDef">
      <val name="value" val="{androidx.media3.session.legacy.MediaMetadataCompat.METADATA_KEY_DURATION, androidx.media3.session.legacy.MediaMetadataCompat.METADATA_KEY_YEAR, androidx.media3.session.legacy.MediaMetadataCompat.METADATA_KEY_TRACK_NUMBER, androidx.media3.session.legacy.MediaMetadataCompat.METADATA_KEY_NUM_TRACKS, androidx.media3.session.legacy.MediaMetadataCompat.METADATA_KEY_DISC_NUMBER, androidx.media3.session.legacy.MediaMetadataCompat.METADATA_KEY_BT_FOLDER_TYPE, androidx.media3.session.legacy.MediaMetadataCompat.METADATA_KEY_ADVERTISEMENT, androidx.media3.session.legacy.MediaMetadataCompat.METADATA_KEY_DOWNLOAD_STATUS}" />
      <val name="open" val="true" />
    </annotation>
  </item>
  <item name="androidx.media3.session.legacy.MediaMetadataCompat.Builder androidx.media3.session.legacy.MediaMetadataCompat.Builder putRating(java.lang.String, androidx.media3.session.legacy.RatingCompat) 0">
    <annotation name="androidx.annotation.StringDef">
      <val name="value" val="{androidx.media3.session.legacy.MediaMetadataCompat.METADATA_KEY_USER_RATING, androidx.media3.session.legacy.MediaMetadataCompat.METADATA_KEY_RATING}" />
    </annotation>
  </item>
  <item name="androidx.media3.session.legacy.MediaMetadataCompat.Builder androidx.media3.session.legacy.MediaMetadataCompat.Builder putString(java.lang.String, java.lang.String) 0">
    <annotation name="androidx.annotation.StringDef">
      <val name="value" val="{androidx.media3.session.legacy.MediaMetadataCompat.METADATA_KEY_TITLE, androidx.media3.session.legacy.MediaMetadataCompat.METADATA_KEY_ARTIST, androidx.media3.session.legacy.MediaMetadataCompat.METADATA_KEY_ALBUM, androidx.media3.session.legacy.MediaMetadataCompat.METADATA_KEY_AUTHOR, androidx.media3.session.legacy.MediaMetadataCompat.METADATA_KEY_WRITER, androidx.media3.session.legacy.MediaMetadataCompat.METADATA_KEY_COMPOSER, androidx.media3.session.legacy.MediaMetadataCompat.METADATA_KEY_COMPILATION, androidx.media3.session.legacy.MediaMetadataCompat.METADATA_KEY_DATE, androidx.media3.session.legacy.MediaMetadataCompat.METADATA_KEY_GENRE, androidx.media3.session.legacy.MediaMetadataCompat.METADATA_KEY_ALBUM_ARTIST, androidx.media3.session.legacy.MediaMetadataCompat.METADATA_KEY_ART_URI, androidx.media3.session.legacy.MediaMetadataCompat.METADATA_KEY_ALBUM_ART_URI, androidx.media3.session.legacy.MediaMetadataCompat.METADATA_KEY_DISPLAY_TITLE, androidx.media3.session.legacy.MediaMetadataCompat.METADATA_KEY_DISPLAY_SUBTITLE, androidx.media3.session.legacy.MediaMetadataCompat.METADATA_KEY_DISPLAY_DESCRIPTION, androidx.media3.session.legacy.MediaMetadataCompat.METADATA_KEY_DISPLAY_ICON_URI, androidx.media3.session.legacy.MediaMetadataCompat.METADATA_KEY_MEDIA_ID, androidx.media3.session.legacy.MediaMetadataCompat.METADATA_KEY_MEDIA_URI}" />
      <val name="open" val="true" />
    </annotation>
  </item>
  <item name="androidx.media3.session.legacy.MediaMetadataCompat.Builder androidx.media3.session.legacy.MediaMetadataCompat.Builder putText(java.lang.String, java.lang.CharSequence) 0">
    <annotation name="androidx.annotation.StringDef">
      <val name="value" val="{androidx.media3.session.legacy.MediaMetadataCompat.METADATA_KEY_TITLE, androidx.media3.session.legacy.MediaMetadataCompat.METADATA_KEY_ARTIST, androidx.media3.session.legacy.MediaMetadataCompat.METADATA_KEY_ALBUM, androidx.media3.session.legacy.MediaMetadataCompat.METADATA_KEY_AUTHOR, androidx.media3.session.legacy.MediaMetadataCompat.METADATA_KEY_WRITER, androidx.media3.session.legacy.MediaMetadataCompat.METADATA_KEY_COMPOSER, androidx.media3.session.legacy.MediaMetadataCompat.METADATA_KEY_COMPILATION, androidx.media3.session.legacy.MediaMetadataCompat.METADATA_KEY_DATE, androidx.media3.session.legacy.MediaMetadataCompat.METADATA_KEY_GENRE, androidx.media3.session.legacy.MediaMetadataCompat.METADATA_KEY_ALBUM_ARTIST, androidx.media3.session.legacy.MediaMetadataCompat.METADATA_KEY_ART_URI, androidx.media3.session.legacy.MediaMetadataCompat.METADATA_KEY_ALBUM_ART_URI, androidx.media3.session.legacy.MediaMetadataCompat.METADATA_KEY_DISPLAY_TITLE, androidx.media3.session.legacy.MediaMetadataCompat.METADATA_KEY_DISPLAY_SUBTITLE, androidx.media3.session.legacy.MediaMetadataCompat.METADATA_KEY_DISPLAY_DESCRIPTION, androidx.media3.session.legacy.MediaMetadataCompat.METADATA_KEY_DISPLAY_ICON_URI, androidx.media3.session.legacy.MediaMetadataCompat.METADATA_KEY_MEDIA_ID, androidx.media3.session.legacy.MediaMetadataCompat.METADATA_KEY_MEDIA_URI}" />
      <val name="open" val="true" />
    </annotation>
  </item>
  <item name="androidx.media3.session.legacy.MediaSessionCompat void setFlags(int) 0">
    <annotation name="androidx.annotation.IntDef">
      <val name="flag" val="true" />
      <val name="value" val="{androidx.media3.session.legacy.MediaSessionCompat.FLAG_HANDLES_MEDIA_BUTTONS, androidx.media3.session.legacy.MediaSessionCompat.FLAG_HANDLES_TRANSPORT_CONTROLS, androidx.media3.session.legacy.MediaSessionCompat.FLAG_HANDLES_QUEUE_COMMANDS}" />
    </annotation>
  </item>
  <item name="androidx.media3.session.legacy.MediaSessionCompat void setRatingType(int) 0">
    <annotation name="androidx.annotation.IntDef">
      <val name="value" val="{androidx.media3.session.legacy.RatingCompat.RATING_NONE, androidx.media3.session.legacy.RatingCompat.RATING_HEART, androidx.media3.session.legacy.RatingCompat.RATING_THUMB_UP_DOWN, androidx.media3.session.legacy.RatingCompat.RATING_3_STARS, androidx.media3.session.legacy.RatingCompat.RATING_4_STARS, androidx.media3.session.legacy.RatingCompat.RATING_5_STARS, androidx.media3.session.legacy.RatingCompat.RATING_PERCENTAGE}" />
    </annotation>
  </item>
  <item name="androidx.media3.session.legacy.MediaSessionCompat void setRepeatMode(int) 0">
    <annotation name="androidx.annotation.IntDef">
      <val name="value" val="{androidx.media3.session.legacy.PlaybackStateCompat.REPEAT_MODE_INVALID, androidx.media3.session.legacy.PlaybackStateCompat.REPEAT_MODE_NONE, androidx.media3.session.legacy.PlaybackStateCompat.REPEAT_MODE_ONE, androidx.media3.session.legacy.PlaybackStateCompat.REPEAT_MODE_ALL, androidx.media3.session.legacy.PlaybackStateCompat.REPEAT_MODE_GROUP}" />
    </annotation>
  </item>
  <item name="androidx.media3.session.legacy.MediaSessionCompat void setShuffleMode(int) 0">
    <annotation name="androidx.annotation.IntDef">
      <val name="value" val="{androidx.media3.session.legacy.PlaybackStateCompat.SHUFFLE_MODE_INVALID, androidx.media3.session.legacy.PlaybackStateCompat.SHUFFLE_MODE_NONE, androidx.media3.session.legacy.PlaybackStateCompat.SHUFFLE_MODE_ALL, androidx.media3.session.legacy.PlaybackStateCompat.SHUFFLE_MODE_GROUP}" />
    </annotation>
  </item>
  <item name="androidx.media3.session.legacy.MediaSessionCompat.Callback void onSetRepeatMode(int) 0">
    <annotation name="androidx.annotation.IntDef">
      <val name="value" val="{androidx.media3.session.legacy.PlaybackStateCompat.REPEAT_MODE_INVALID, androidx.media3.session.legacy.PlaybackStateCompat.REPEAT_MODE_NONE, androidx.media3.session.legacy.PlaybackStateCompat.REPEAT_MODE_ONE, androidx.media3.session.legacy.PlaybackStateCompat.REPEAT_MODE_ALL, androidx.media3.session.legacy.PlaybackStateCompat.REPEAT_MODE_GROUP}" />
    </annotation>
  </item>
  <item name="androidx.media3.session.legacy.MediaSessionCompat.Callback void onSetShuffleMode(int) 0">
    <annotation name="androidx.annotation.IntDef">
      <val name="value" val="{androidx.media3.session.legacy.PlaybackStateCompat.SHUFFLE_MODE_INVALID, androidx.media3.session.legacy.PlaybackStateCompat.SHUFFLE_MODE_NONE, androidx.media3.session.legacy.PlaybackStateCompat.SHUFFLE_MODE_ALL, androidx.media3.session.legacy.PlaybackStateCompat.SHUFFLE_MODE_GROUP}" />
    </annotation>
  </item>
  <item name="androidx.media3.session.legacy.MediaSessionCompat.MediaSessionImpl void setFlags(int) 0">
    <annotation name="androidx.annotation.IntDef">
      <val name="flag" val="true" />
      <val name="value" val="{androidx.media3.session.legacy.MediaSessionCompat.FLAG_HANDLES_MEDIA_BUTTONS, androidx.media3.session.legacy.MediaSessionCompat.FLAG_HANDLES_TRANSPORT_CONTROLS, androidx.media3.session.legacy.MediaSessionCompat.FLAG_HANDLES_QUEUE_COMMANDS}" />
    </annotation>
  </item>
  <item name="androidx.media3.session.legacy.MediaSessionCompat.MediaSessionImpl void setRatingType(int) 0">
    <annotation name="androidx.annotation.IntDef">
      <val name="value" val="{androidx.media3.session.legacy.RatingCompat.RATING_NONE, androidx.media3.session.legacy.RatingCompat.RATING_HEART, androidx.media3.session.legacy.RatingCompat.RATING_THUMB_UP_DOWN, androidx.media3.session.legacy.RatingCompat.RATING_3_STARS, androidx.media3.session.legacy.RatingCompat.RATING_4_STARS, androidx.media3.session.legacy.RatingCompat.RATING_5_STARS, androidx.media3.session.legacy.RatingCompat.RATING_PERCENTAGE}" />
    </annotation>
  </item>
  <item name="androidx.media3.session.legacy.MediaSessionCompat.MediaSessionImpl void setRepeatMode(int) 0">
    <annotation name="androidx.annotation.IntDef">
      <val name="value" val="{androidx.media3.session.legacy.PlaybackStateCompat.REPEAT_MODE_INVALID, androidx.media3.session.legacy.PlaybackStateCompat.REPEAT_MODE_NONE, androidx.media3.session.legacy.PlaybackStateCompat.REPEAT_MODE_ONE, androidx.media3.session.legacy.PlaybackStateCompat.REPEAT_MODE_ALL, androidx.media3.session.legacy.PlaybackStateCompat.REPEAT_MODE_GROUP}" />
    </annotation>
  </item>
  <item name="androidx.media3.session.legacy.MediaSessionCompat.MediaSessionImpl void setShuffleMode(int) 0">
    <annotation name="androidx.annotation.IntDef">
      <val name="value" val="{androidx.media3.session.legacy.PlaybackStateCompat.SHUFFLE_MODE_INVALID, androidx.media3.session.legacy.PlaybackStateCompat.SHUFFLE_MODE_NONE, androidx.media3.session.legacy.PlaybackStateCompat.SHUFFLE_MODE_ALL, androidx.media3.session.legacy.PlaybackStateCompat.SHUFFLE_MODE_GROUP}" />
    </annotation>
  </item>
  <item name="androidx.media3.session.legacy.MediaSessionCompat.MediaSessionImplApi21 mRatingType">
    <annotation name="androidx.annotation.IntDef">
      <val name="value" val="{androidx.media3.session.legacy.RatingCompat.RATING_NONE, androidx.media3.session.legacy.RatingCompat.RATING_HEART, androidx.media3.session.legacy.RatingCompat.RATING_THUMB_UP_DOWN, androidx.media3.session.legacy.RatingCompat.RATING_3_STARS, androidx.media3.session.legacy.RatingCompat.RATING_4_STARS, androidx.media3.session.legacy.RatingCompat.RATING_5_STARS, androidx.media3.session.legacy.RatingCompat.RATING_PERCENTAGE}" />
    </annotation>
  </item>
  <item name="androidx.media3.session.legacy.MediaSessionCompat.MediaSessionImplApi21 mRepeatMode">
    <annotation name="androidx.annotation.IntDef">
      <val name="value" val="{androidx.media3.session.legacy.PlaybackStateCompat.REPEAT_MODE_INVALID, androidx.media3.session.legacy.PlaybackStateCompat.REPEAT_MODE_NONE, androidx.media3.session.legacy.PlaybackStateCompat.REPEAT_MODE_ONE, androidx.media3.session.legacy.PlaybackStateCompat.REPEAT_MODE_ALL, androidx.media3.session.legacy.PlaybackStateCompat.REPEAT_MODE_GROUP}" />
    </annotation>
  </item>
  <item name="androidx.media3.session.legacy.MediaSessionCompat.MediaSessionImplApi21 mShuffleMode">
    <annotation name="androidx.annotation.IntDef">
      <val name="value" val="{androidx.media3.session.legacy.PlaybackStateCompat.SHUFFLE_MODE_INVALID, androidx.media3.session.legacy.PlaybackStateCompat.SHUFFLE_MODE_NONE, androidx.media3.session.legacy.PlaybackStateCompat.SHUFFLE_MODE_ALL, androidx.media3.session.legacy.PlaybackStateCompat.SHUFFLE_MODE_GROUP}" />
    </annotation>
  </item>
  <item name="androidx.media3.session.legacy.MediaSessionCompat.MediaSessionImplApi21 void setFlags(int) 0">
    <annotation name="androidx.annotation.IntDef">
      <val name="flag" val="true" />
      <val name="value" val="{androidx.media3.session.legacy.MediaSessionCompat.FLAG_HANDLES_MEDIA_BUTTONS, androidx.media3.session.legacy.MediaSessionCompat.FLAG_HANDLES_TRANSPORT_CONTROLS, androidx.media3.session.legacy.MediaSessionCompat.FLAG_HANDLES_QUEUE_COMMANDS}" />
    </annotation>
  </item>
  <item name="androidx.media3.session.legacy.MediaSessionCompat.MediaSessionImplApi21 void setRatingType(int) 0">
    <annotation name="androidx.annotation.IntDef">
      <val name="value" val="{androidx.media3.session.legacy.RatingCompat.RATING_NONE, androidx.media3.session.legacy.RatingCompat.RATING_HEART, androidx.media3.session.legacy.RatingCompat.RATING_THUMB_UP_DOWN, androidx.media3.session.legacy.RatingCompat.RATING_3_STARS, androidx.media3.session.legacy.RatingCompat.RATING_4_STARS, androidx.media3.session.legacy.RatingCompat.RATING_5_STARS, androidx.media3.session.legacy.RatingCompat.RATING_PERCENTAGE}" />
    </annotation>
  </item>
  <item name="androidx.media3.session.legacy.MediaSessionCompat.MediaSessionImplApi21 void setRepeatMode(int) 0">
    <annotation name="androidx.annotation.IntDef">
      <val name="value" val="{androidx.media3.session.legacy.PlaybackStateCompat.REPEAT_MODE_INVALID, androidx.media3.session.legacy.PlaybackStateCompat.REPEAT_MODE_NONE, androidx.media3.session.legacy.PlaybackStateCompat.REPEAT_MODE_ONE, androidx.media3.session.legacy.PlaybackStateCompat.REPEAT_MODE_ALL, androidx.media3.session.legacy.PlaybackStateCompat.REPEAT_MODE_GROUP}" />
    </annotation>
  </item>
  <item name="androidx.media3.session.legacy.MediaSessionCompat.MediaSessionImplApi21 void setShuffleMode(int) 0">
    <annotation name="androidx.annotation.IntDef">
      <val name="value" val="{androidx.media3.session.legacy.PlaybackStateCompat.SHUFFLE_MODE_INVALID, androidx.media3.session.legacy.PlaybackStateCompat.SHUFFLE_MODE_NONE, androidx.media3.session.legacy.PlaybackStateCompat.SHUFFLE_MODE_ALL, androidx.media3.session.legacy.PlaybackStateCompat.SHUFFLE_MODE_GROUP}" />
    </annotation>
  </item>
  <item name="androidx.media3.session.legacy.MediaSessionCompat.MediaSessionImplApi21.ExtraSession int getRatingType()">
    <annotation name="androidx.annotation.IntDef">
      <val name="value" val="{androidx.media3.session.legacy.RatingCompat.RATING_NONE, androidx.media3.session.legacy.RatingCompat.RATING_HEART, androidx.media3.session.legacy.RatingCompat.RATING_THUMB_UP_DOWN, androidx.media3.session.legacy.RatingCompat.RATING_3_STARS, androidx.media3.session.legacy.RatingCompat.RATING_4_STARS, androidx.media3.session.legacy.RatingCompat.RATING_5_STARS, androidx.media3.session.legacy.RatingCompat.RATING_PERCENTAGE}" />
    </annotation>
  </item>
  <item name="androidx.media3.session.legacy.MediaSessionCompat.MediaSessionImplApi21.ExtraSession int getRepeatMode()">
    <annotation name="androidx.annotation.IntDef">
      <val name="value" val="{androidx.media3.session.legacy.PlaybackStateCompat.REPEAT_MODE_INVALID, androidx.media3.session.legacy.PlaybackStateCompat.REPEAT_MODE_NONE, androidx.media3.session.legacy.PlaybackStateCompat.REPEAT_MODE_ONE, androidx.media3.session.legacy.PlaybackStateCompat.REPEAT_MODE_ALL, androidx.media3.session.legacy.PlaybackStateCompat.REPEAT_MODE_GROUP}" />
    </annotation>
  </item>
  <item name="androidx.media3.session.legacy.MediaSessionCompat.MediaSessionImplApi21.ExtraSession int getShuffleMode()">
    <annotation name="androidx.annotation.IntDef">
      <val name="value" val="{androidx.media3.session.legacy.PlaybackStateCompat.SHUFFLE_MODE_INVALID, androidx.media3.session.legacy.PlaybackStateCompat.SHUFFLE_MODE_NONE, androidx.media3.session.legacy.PlaybackStateCompat.SHUFFLE_MODE_ALL, androidx.media3.session.legacy.PlaybackStateCompat.SHUFFLE_MODE_GROUP}" />
    </annotation>
  </item>
  <item name="androidx.media3.session.legacy.MediaSessionCompat.MediaSessionImplApi21.ExtraSession long getFlags()">
    <annotation name="androidx.annotation.IntDef">
      <val name="flag" val="true" />
      <val name="value" val="{androidx.media3.session.legacy.MediaSessionCompat.FLAG_HANDLES_MEDIA_BUTTONS, androidx.media3.session.legacy.MediaSessionCompat.FLAG_HANDLES_TRANSPORT_CONTROLS, androidx.media3.session.legacy.MediaSessionCompat.FLAG_HANDLES_QUEUE_COMMANDS}" />
    </annotation>
  </item>
  <item name="androidx.media3.session.legacy.MediaSessionCompat.MediaSessionImplApi22 void setRatingType(int) 0">
    <annotation name="androidx.annotation.IntDef">
      <val name="value" val="{androidx.media3.session.legacy.RatingCompat.RATING_NONE, androidx.media3.session.legacy.RatingCompat.RATING_HEART, androidx.media3.session.legacy.RatingCompat.RATING_THUMB_UP_DOWN, androidx.media3.session.legacy.RatingCompat.RATING_3_STARS, androidx.media3.session.legacy.RatingCompat.RATING_4_STARS, androidx.media3.session.legacy.RatingCompat.RATING_5_STARS, androidx.media3.session.legacy.RatingCompat.RATING_PERCENTAGE}" />
    </annotation>
  </item>
  <item name="androidx.media3.session.legacy.MediaSessionCompat.MediaSessionImplBase mFlags">
    <annotation name="androidx.annotation.IntDef">
      <val name="flag" val="true" />
      <val name="value" val="{androidx.media3.session.legacy.MediaSessionCompat.FLAG_HANDLES_MEDIA_BUTTONS, androidx.media3.session.legacy.MediaSessionCompat.FLAG_HANDLES_TRANSPORT_CONTROLS, androidx.media3.session.legacy.MediaSessionCompat.FLAG_HANDLES_QUEUE_COMMANDS}" />
    </annotation>
  </item>
  <item name="androidx.media3.session.legacy.MediaSessionCompat.MediaSessionImplBase mRatingType">
    <annotation name="androidx.annotation.IntDef">
      <val name="value" val="{androidx.media3.session.legacy.RatingCompat.RATING_NONE, androidx.media3.session.legacy.RatingCompat.RATING_HEART, androidx.media3.session.legacy.RatingCompat.RATING_THUMB_UP_DOWN, androidx.media3.session.legacy.RatingCompat.RATING_3_STARS, androidx.media3.session.legacy.RatingCompat.RATING_4_STARS, androidx.media3.session.legacy.RatingCompat.RATING_5_STARS, androidx.media3.session.legacy.RatingCompat.RATING_PERCENTAGE}" />
    </annotation>
  </item>
  <item name="androidx.media3.session.legacy.MediaSessionCompat.MediaSessionImplBase mRepeatMode">
    <annotation name="androidx.annotation.IntDef">
      <val name="value" val="{androidx.media3.session.legacy.PlaybackStateCompat.REPEAT_MODE_INVALID, androidx.media3.session.legacy.PlaybackStateCompat.REPEAT_MODE_NONE, androidx.media3.session.legacy.PlaybackStateCompat.REPEAT_MODE_ONE, androidx.media3.session.legacy.PlaybackStateCompat.REPEAT_MODE_ALL, androidx.media3.session.legacy.PlaybackStateCompat.REPEAT_MODE_GROUP}" />
    </annotation>
  </item>
  <item name="androidx.media3.session.legacy.MediaSessionCompat.MediaSessionImplBase mShuffleMode">
    <annotation name="androidx.annotation.IntDef">
      <val name="value" val="{androidx.media3.session.legacy.PlaybackStateCompat.SHUFFLE_MODE_INVALID, androidx.media3.session.legacy.PlaybackStateCompat.SHUFFLE_MODE_NONE, androidx.media3.session.legacy.PlaybackStateCompat.SHUFFLE_MODE_ALL, androidx.media3.session.legacy.PlaybackStateCompat.SHUFFLE_MODE_GROUP}" />
    </annotation>
  </item>
  <item name="androidx.media3.session.legacy.MediaSessionCompat.MediaSessionImplBase void setFlags(int) 0">
    <annotation name="androidx.annotation.IntDef">
      <val name="flag" val="true" />
      <val name="value" val="{androidx.media3.session.legacy.MediaSessionCompat.FLAG_HANDLES_MEDIA_BUTTONS, androidx.media3.session.legacy.MediaSessionCompat.FLAG_HANDLES_TRANSPORT_CONTROLS, androidx.media3.session.legacy.MediaSessionCompat.FLAG_HANDLES_QUEUE_COMMANDS}" />
    </annotation>
  </item>
  <item name="androidx.media3.session.legacy.MediaSessionCompat.MediaSessionImplBase void setRatingType(int) 0">
    <annotation name="androidx.annotation.IntDef">
      <val name="value" val="{androidx.media3.session.legacy.RatingCompat.RATING_NONE, androidx.media3.session.legacy.RatingCompat.RATING_HEART, androidx.media3.session.legacy.RatingCompat.RATING_THUMB_UP_DOWN, androidx.media3.session.legacy.RatingCompat.RATING_3_STARS, androidx.media3.session.legacy.RatingCompat.RATING_4_STARS, androidx.media3.session.legacy.RatingCompat.RATING_5_STARS, androidx.media3.session.legacy.RatingCompat.RATING_PERCENTAGE}" />
    </annotation>
  </item>
  <item name="androidx.media3.session.legacy.MediaSessionCompat.MediaSessionImplBase void setRepeatMode(int) 0">
    <annotation name="androidx.annotation.IntDef">
      <val name="value" val="{androidx.media3.session.legacy.PlaybackStateCompat.REPEAT_MODE_INVALID, androidx.media3.session.legacy.PlaybackStateCompat.REPEAT_MODE_NONE, androidx.media3.session.legacy.PlaybackStateCompat.REPEAT_MODE_ONE, androidx.media3.session.legacy.PlaybackStateCompat.REPEAT_MODE_ALL, androidx.media3.session.legacy.PlaybackStateCompat.REPEAT_MODE_GROUP}" />
    </annotation>
  </item>
  <item name="androidx.media3.session.legacy.MediaSessionCompat.MediaSessionImplBase void setShuffleMode(int) 0">
    <annotation name="androidx.annotation.IntDef">
      <val name="value" val="{androidx.media3.session.legacy.PlaybackStateCompat.SHUFFLE_MODE_INVALID, androidx.media3.session.legacy.PlaybackStateCompat.SHUFFLE_MODE_NONE, androidx.media3.session.legacy.PlaybackStateCompat.SHUFFLE_MODE_ALL, androidx.media3.session.legacy.PlaybackStateCompat.SHUFFLE_MODE_GROUP}" />
    </annotation>
  </item>
  <item name="androidx.media3.session.legacy.MediaSessionCompat.MediaSessionImplBase.MediaSessionStub int getRatingType()">
    <annotation name="androidx.annotation.IntDef">
      <val name="value" val="{androidx.media3.session.legacy.RatingCompat.RATING_NONE, androidx.media3.session.legacy.RatingCompat.RATING_HEART, androidx.media3.session.legacy.RatingCompat.RATING_THUMB_UP_DOWN, androidx.media3.session.legacy.RatingCompat.RATING_3_STARS, androidx.media3.session.legacy.RatingCompat.RATING_4_STARS, androidx.media3.session.legacy.RatingCompat.RATING_5_STARS, androidx.media3.session.legacy.RatingCompat.RATING_PERCENTAGE}" />
    </annotation>
  </item>
  <item name="androidx.media3.session.legacy.MediaSessionCompat.MediaSessionImplBase.MediaSessionStub int getRepeatMode()">
    <annotation name="androidx.annotation.IntDef">
      <val name="value" val="{androidx.media3.session.legacy.PlaybackStateCompat.REPEAT_MODE_INVALID, androidx.media3.session.legacy.PlaybackStateCompat.REPEAT_MODE_NONE, androidx.media3.session.legacy.PlaybackStateCompat.REPEAT_MODE_ONE, androidx.media3.session.legacy.PlaybackStateCompat.REPEAT_MODE_ALL, androidx.media3.session.legacy.PlaybackStateCompat.REPEAT_MODE_GROUP}" />
    </annotation>
  </item>
  <item name="androidx.media3.session.legacy.MediaSessionCompat.MediaSessionImplBase.MediaSessionStub int getShuffleMode()">
    <annotation name="androidx.annotation.IntDef">
      <val name="value" val="{androidx.media3.session.legacy.PlaybackStateCompat.SHUFFLE_MODE_INVALID, androidx.media3.session.legacy.PlaybackStateCompat.SHUFFLE_MODE_NONE, androidx.media3.session.legacy.PlaybackStateCompat.SHUFFLE_MODE_ALL, androidx.media3.session.legacy.PlaybackStateCompat.SHUFFLE_MODE_GROUP}" />
    </annotation>
  </item>
  <item name="androidx.media3.session.legacy.MediaSessionCompat.MediaSessionImplBase.MediaSessionStub long getFlags()">
    <annotation name="androidx.annotation.IntDef">
      <val name="flag" val="true" />
      <val name="value" val="{androidx.media3.session.legacy.MediaSessionCompat.FLAG_HANDLES_MEDIA_BUTTONS, androidx.media3.session.legacy.MediaSessionCompat.FLAG_HANDLES_TRANSPORT_CONTROLS, androidx.media3.session.legacy.MediaSessionCompat.FLAG_HANDLES_QUEUE_COMMANDS}" />
    </annotation>
  </item>
  <item name="androidx.media3.session.legacy.PlaybackStateCompat int getErrorCode()">
    <annotation name="androidx.annotation.IntDef">
      <val name="value" val="{androidx.media3.session.legacy.PlaybackStateCompat.ERROR_CODE_UNKNOWN_ERROR, androidx.media3.session.legacy.PlaybackStateCompat.ERROR_CODE_APP_ERROR, androidx.media3.session.legacy.PlaybackStateCompat.ERROR_CODE_NOT_SUPPORTED, androidx.media3.session.legacy.PlaybackStateCompat.ERROR_CODE_AUTHENTICATION_EXPIRED, androidx.media3.session.legacy.PlaybackStateCompat.ERROR_CODE_PREMIUM_ACCOUNT_REQUIRED, androidx.media3.session.legacy.PlaybackStateCompat.ERROR_CODE_CONCURRENT_STREAM_LIMIT, androidx.media3.session.legacy.PlaybackStateCompat.ERROR_CODE_PARENTAL_CONTROL_RESTRICTED, androidx.media3.session.legacy.PlaybackStateCompat.ERROR_CODE_NOT_AVAILABLE_IN_REGION, androidx.media3.session.legacy.PlaybackStateCompat.ERROR_CODE_CONTENT_ALREADY_PLAYING, androidx.media3.session.legacy.PlaybackStateCompat.ERROR_CODE_SKIP_LIMIT_REACHED, androidx.media3.session.legacy.PlaybackStateCompat.ERROR_CODE_ACTION_ABORTED, androidx.media3.session.legacy.PlaybackStateCompat.ERROR_CODE_END_OF_QUEUE}" />
    </annotation>
  </item>
  <item name="androidx.media3.session.legacy.PlaybackStateCompat int getState()">
    <annotation name="androidx.annotation.IntDef">
      <val name="value" val="{androidx.media3.session.legacy.PlaybackStateCompat.STATE_NONE, androidx.media3.session.legacy.PlaybackStateCompat.STATE_STOPPED, androidx.media3.session.legacy.PlaybackStateCompat.STATE_PAUSED, androidx.media3.session.legacy.PlaybackStateCompat.STATE_PLAYING, androidx.media3.session.legacy.PlaybackStateCompat.STATE_FAST_FORWARDING, androidx.media3.session.legacy.PlaybackStateCompat.STATE_REWINDING, androidx.media3.session.legacy.PlaybackStateCompat.STATE_BUFFERING, androidx.media3.session.legacy.PlaybackStateCompat.STATE_ERROR, androidx.media3.session.legacy.PlaybackStateCompat.STATE_CONNECTING, androidx.media3.session.legacy.PlaybackStateCompat.STATE_SKIPPING_TO_PREVIOUS, androidx.media3.session.legacy.PlaybackStateCompat.STATE_SKIPPING_TO_NEXT, androidx.media3.session.legacy.PlaybackStateCompat.STATE_SKIPPING_TO_QUEUE_ITEM}" />
    </annotation>
  </item>
  <item name="androidx.media3.session.legacy.PlaybackStateCompat int toKeyCode(long) 0">
    <annotation name="androidx.annotation.LongDef">
      <val name="value" val="{androidx.media3.session.legacy.PlaybackStateCompat.ACTION_STOP, androidx.media3.session.legacy.PlaybackStateCompat.ACTION_PAUSE, androidx.media3.session.legacy.PlaybackStateCompat.ACTION_PLAY, androidx.media3.session.legacy.PlaybackStateCompat.ACTION_REWIND, androidx.media3.session.legacy.PlaybackStateCompat.ACTION_SKIP_TO_PREVIOUS, androidx.media3.session.legacy.PlaybackStateCompat.ACTION_SKIP_TO_NEXT, androidx.media3.session.legacy.PlaybackStateCompat.ACTION_FAST_FORWARD, androidx.media3.session.legacy.PlaybackStateCompat.ACTION_PLAY_PAUSE}" />
    </annotation>
  </item>
  <item name="androidx.media3.session.legacy.PlaybackStateCompat long getActions()">
    <annotation name="androidx.annotation.LongDef">
      <val name="flag" val="true" />
      <val name="value" val="{androidx.media3.session.legacy.PlaybackStateCompat.ACTION_STOP, androidx.media3.session.legacy.PlaybackStateCompat.ACTION_PAUSE, androidx.media3.session.legacy.PlaybackStateCompat.ACTION_PLAY, androidx.media3.session.legacy.PlaybackStateCompat.ACTION_REWIND, androidx.media3.session.legacy.PlaybackStateCompat.ACTION_SKIP_TO_PREVIOUS, androidx.media3.session.legacy.PlaybackStateCompat.ACTION_SKIP_TO_NEXT, androidx.media3.session.legacy.PlaybackStateCompat.ACTION_FAST_FORWARD, androidx.media3.session.legacy.PlaybackStateCompat.ACTION_SET_RATING, androidx.media3.session.legacy.PlaybackStateCompat.ACTION_SEEK_TO, androidx.media3.session.legacy.PlaybackStateCompat.ACTION_PLAY_PAUSE, androidx.media3.session.legacy.PlaybackStateCompat.ACTION_PLAY_FROM_MEDIA_ID, androidx.media3.session.legacy.PlaybackStateCompat.ACTION_PLAY_FROM_SEARCH, androidx.media3.session.legacy.PlaybackStateCompat.ACTION_SKIP_TO_QUEUE_ITEM, androidx.media3.session.legacy.PlaybackStateCompat.ACTION_PLAY_FROM_URI, androidx.media3.session.legacy.PlaybackStateCompat.ACTION_PREPARE, androidx.media3.session.legacy.PlaybackStateCompat.ACTION_PREPARE_FROM_MEDIA_ID, androidx.media3.session.legacy.PlaybackStateCompat.ACTION_PREPARE_FROM_SEARCH, androidx.media3.session.legacy.PlaybackStateCompat.ACTION_PREPARE_FROM_URI, androidx.media3.session.legacy.PlaybackStateCompat.ACTION_SET_REPEAT_MODE, androidx.media3.session.legacy.PlaybackStateCompat.ACTION_SET_SHUFFLE_MODE, androidx.media3.session.legacy.PlaybackStateCompat.ACTION_SET_CAPTIONING_ENABLED, androidx.media3.session.legacy.PlaybackStateCompat.ACTION_SET_PLAYBACK_SPEED}" />
    </annotation>
  </item>
  <item name="androidx.media3.session.legacy.PlaybackStateCompat.Actions">
    <annotation name="androidx.annotation.LongDef">
      <val name="flag" val="true" />
      <val name="value" val="{androidx.media3.session.legacy.PlaybackStateCompat.ACTION_STOP, androidx.media3.session.legacy.PlaybackStateCompat.ACTION_PAUSE, androidx.media3.session.legacy.PlaybackStateCompat.ACTION_PLAY, androidx.media3.session.legacy.PlaybackStateCompat.ACTION_REWIND, androidx.media3.session.legacy.PlaybackStateCompat.ACTION_SKIP_TO_PREVIOUS, androidx.media3.session.legacy.PlaybackStateCompat.ACTION_SKIP_TO_NEXT, androidx.media3.session.legacy.PlaybackStateCompat.ACTION_FAST_FORWARD, androidx.media3.session.legacy.PlaybackStateCompat.ACTION_SET_RATING, androidx.media3.session.legacy.PlaybackStateCompat.ACTION_SEEK_TO, androidx.media3.session.legacy.PlaybackStateCompat.ACTION_PLAY_PAUSE, androidx.media3.session.legacy.PlaybackStateCompat.ACTION_PLAY_FROM_MEDIA_ID, androidx.media3.session.legacy.PlaybackStateCompat.ACTION_PLAY_FROM_SEARCH, androidx.media3.session.legacy.PlaybackStateCompat.ACTION_SKIP_TO_QUEUE_ITEM, androidx.media3.session.legacy.PlaybackStateCompat.ACTION_PLAY_FROM_URI, androidx.media3.session.legacy.PlaybackStateCompat.ACTION_PREPARE, androidx.media3.session.legacy.PlaybackStateCompat.ACTION_PREPARE_FROM_MEDIA_ID, androidx.media3.session.legacy.PlaybackStateCompat.ACTION_PREPARE_FROM_SEARCH, androidx.media3.session.legacy.PlaybackStateCompat.ACTION_PREPARE_FROM_URI, androidx.media3.session.legacy.PlaybackStateCompat.ACTION_SET_REPEAT_MODE, androidx.media3.session.legacy.PlaybackStateCompat.ACTION_SET_SHUFFLE_MODE, androidx.media3.session.legacy.PlaybackStateCompat.ACTION_SET_CAPTIONING_ENABLED, androidx.media3.session.legacy.PlaybackStateCompat.ACTION_SET_PLAYBACK_SPEED}" />
    </annotation>
  </item>
  <item name="androidx.media3.session.legacy.PlaybackStateCompat.Builder androidx.media3.session.legacy.PlaybackStateCompat.Builder setActions(long) 0">
    <annotation name="androidx.annotation.LongDef">
      <val name="flag" val="true" />
      <val name="value" val="{androidx.media3.session.legacy.PlaybackStateCompat.ACTION_STOP, androidx.media3.session.legacy.PlaybackStateCompat.ACTION_PAUSE, androidx.media3.session.legacy.PlaybackStateCompat.ACTION_PLAY, androidx.media3.session.legacy.PlaybackStateCompat.ACTION_REWIND, androidx.media3.session.legacy.PlaybackStateCompat.ACTION_SKIP_TO_PREVIOUS, androidx.media3.session.legacy.PlaybackStateCompat.ACTION_SKIP_TO_NEXT, androidx.media3.session.legacy.PlaybackStateCompat.ACTION_FAST_FORWARD, androidx.media3.session.legacy.PlaybackStateCompat.ACTION_SET_RATING, androidx.media3.session.legacy.PlaybackStateCompat.ACTION_SEEK_TO, androidx.media3.session.legacy.PlaybackStateCompat.ACTION_PLAY_PAUSE, androidx.media3.session.legacy.PlaybackStateCompat.ACTION_PLAY_FROM_MEDIA_ID, androidx.media3.session.legacy.PlaybackStateCompat.ACTION_PLAY_FROM_SEARCH, androidx.media3.session.legacy.PlaybackStateCompat.ACTION_SKIP_TO_QUEUE_ITEM, androidx.media3.session.legacy.PlaybackStateCompat.ACTION_PLAY_FROM_URI, androidx.media3.session.legacy.PlaybackStateCompat.ACTION_PREPARE, androidx.media3.session.legacy.PlaybackStateCompat.ACTION_PREPARE_FROM_MEDIA_ID, androidx.media3.session.legacy.PlaybackStateCompat.ACTION_PREPARE_FROM_SEARCH, androidx.media3.session.legacy.PlaybackStateCompat.ACTION_PREPARE_FROM_URI, androidx.media3.session.legacy.PlaybackStateCompat.ACTION_SET_REPEAT_MODE, androidx.media3.session.legacy.PlaybackStateCompat.ACTION_SET_SHUFFLE_MODE, androidx.media3.session.legacy.PlaybackStateCompat.ACTION_SET_CAPTIONING_ENABLED, androidx.media3.session.legacy.PlaybackStateCompat.ACTION_SET_PLAYBACK_SPEED}" />
    </annotation>
  </item>
  <item name="androidx.media3.session.legacy.PlaybackStateCompat.Builder androidx.media3.session.legacy.PlaybackStateCompat.Builder setErrorMessage(int, java.lang.CharSequence) 0">
    <annotation name="androidx.annotation.IntDef">
      <val name="value" val="{androidx.media3.session.legacy.PlaybackStateCompat.ERROR_CODE_UNKNOWN_ERROR, androidx.media3.session.legacy.PlaybackStateCompat.ERROR_CODE_APP_ERROR, androidx.media3.session.legacy.PlaybackStateCompat.ERROR_CODE_NOT_SUPPORTED, androidx.media3.session.legacy.PlaybackStateCompat.ERROR_CODE_AUTHENTICATION_EXPIRED, androidx.media3.session.legacy.PlaybackStateCompat.ERROR_CODE_PREMIUM_ACCOUNT_REQUIRED, androidx.media3.session.legacy.PlaybackStateCompat.ERROR_CODE_CONCURRENT_STREAM_LIMIT, androidx.media3.session.legacy.PlaybackStateCompat.ERROR_CODE_PARENTAL_CONTROL_RESTRICTED, androidx.media3.session.legacy.PlaybackStateCompat.ERROR_CODE_NOT_AVAILABLE_IN_REGION, androidx.media3.session.legacy.PlaybackStateCompat.ERROR_CODE_CONTENT_ALREADY_PLAYING, androidx.media3.session.legacy.PlaybackStateCompat.ERROR_CODE_SKIP_LIMIT_REACHED, androidx.media3.session.legacy.PlaybackStateCompat.ERROR_CODE_ACTION_ABORTED, androidx.media3.session.legacy.PlaybackStateCompat.ERROR_CODE_END_OF_QUEUE}" />
    </annotation>
  </item>
  <item name="androidx.media3.session.legacy.PlaybackStateCompat.Builder androidx.media3.session.legacy.PlaybackStateCompat.Builder setState(int, long, float) 0">
    <annotation name="androidx.annotation.IntDef">
      <val name="value" val="{androidx.media3.session.legacy.PlaybackStateCompat.STATE_NONE, androidx.media3.session.legacy.PlaybackStateCompat.STATE_STOPPED, androidx.media3.session.legacy.PlaybackStateCompat.STATE_PAUSED, androidx.media3.session.legacy.PlaybackStateCompat.STATE_PLAYING, androidx.media3.session.legacy.PlaybackStateCompat.STATE_FAST_FORWARDING, androidx.media3.session.legacy.PlaybackStateCompat.STATE_REWINDING, androidx.media3.session.legacy.PlaybackStateCompat.STATE_BUFFERING, androidx.media3.session.legacy.PlaybackStateCompat.STATE_ERROR, androidx.media3.session.legacy.PlaybackStateCompat.STATE_CONNECTING, androidx.media3.session.legacy.PlaybackStateCompat.STATE_SKIPPING_TO_PREVIOUS, androidx.media3.session.legacy.PlaybackStateCompat.STATE_SKIPPING_TO_NEXT, androidx.media3.session.legacy.PlaybackStateCompat.STATE_SKIPPING_TO_QUEUE_ITEM}" />
    </annotation>
  </item>
  <item name="androidx.media3.session.legacy.PlaybackStateCompat.Builder androidx.media3.session.legacy.PlaybackStateCompat.Builder setState(int, long, float, long) 0">
    <annotation name="androidx.annotation.IntDef">
      <val name="value" val="{androidx.media3.session.legacy.PlaybackStateCompat.STATE_NONE, androidx.media3.session.legacy.PlaybackStateCompat.STATE_STOPPED, androidx.media3.session.legacy.PlaybackStateCompat.STATE_PAUSED, androidx.media3.session.legacy.PlaybackStateCompat.STATE_PLAYING, androidx.media3.session.legacy.PlaybackStateCompat.STATE_FAST_FORWARDING, androidx.media3.session.legacy.PlaybackStateCompat.STATE_REWINDING, androidx.media3.session.legacy.PlaybackStateCompat.STATE_BUFFERING, androidx.media3.session.legacy.PlaybackStateCompat.STATE_ERROR, androidx.media3.session.legacy.PlaybackStateCompat.STATE_CONNECTING, androidx.media3.session.legacy.PlaybackStateCompat.STATE_SKIPPING_TO_PREVIOUS, androidx.media3.session.legacy.PlaybackStateCompat.STATE_SKIPPING_TO_NEXT, androidx.media3.session.legacy.PlaybackStateCompat.STATE_SKIPPING_TO_QUEUE_ITEM}" />
    </annotation>
  </item>
  <item name="androidx.media3.session.legacy.PlaybackStateCompat.ErrorCode">
    <annotation name="androidx.annotation.IntDef">
      <val name="value" val="{androidx.media3.session.legacy.PlaybackStateCompat.ERROR_CODE_UNKNOWN_ERROR, androidx.media3.session.legacy.PlaybackStateCompat.ERROR_CODE_APP_ERROR, androidx.media3.session.legacy.PlaybackStateCompat.ERROR_CODE_NOT_SUPPORTED, androidx.media3.session.legacy.PlaybackStateCompat.ERROR_CODE_AUTHENTICATION_EXPIRED, androidx.media3.session.legacy.PlaybackStateCompat.ERROR_CODE_PREMIUM_ACCOUNT_REQUIRED, androidx.media3.session.legacy.PlaybackStateCompat.ERROR_CODE_CONCURRENT_STREAM_LIMIT, androidx.media3.session.legacy.PlaybackStateCompat.ERROR_CODE_PARENTAL_CONTROL_RESTRICTED, androidx.media3.session.legacy.PlaybackStateCompat.ERROR_CODE_NOT_AVAILABLE_IN_REGION, androidx.media3.session.legacy.PlaybackStateCompat.ERROR_CODE_CONTENT_ALREADY_PLAYING, androidx.media3.session.legacy.PlaybackStateCompat.ERROR_CODE_SKIP_LIMIT_REACHED, androidx.media3.session.legacy.PlaybackStateCompat.ERROR_CODE_ACTION_ABORTED, androidx.media3.session.legacy.PlaybackStateCompat.ERROR_CODE_END_OF_QUEUE}" />
    </annotation>
  </item>
  <item name="androidx.media3.session.legacy.PlaybackStateCompat.MediaKeyAction">
    <annotation name="androidx.annotation.LongDef">
      <val name="value" val="{androidx.media3.session.legacy.PlaybackStateCompat.ACTION_STOP, androidx.media3.session.legacy.PlaybackStateCompat.ACTION_PAUSE, androidx.media3.session.legacy.PlaybackStateCompat.ACTION_PLAY, androidx.media3.session.legacy.PlaybackStateCompat.ACTION_REWIND, androidx.media3.session.legacy.PlaybackStateCompat.ACTION_SKIP_TO_PREVIOUS, androidx.media3.session.legacy.PlaybackStateCompat.ACTION_SKIP_TO_NEXT, androidx.media3.session.legacy.PlaybackStateCompat.ACTION_FAST_FORWARD, androidx.media3.session.legacy.PlaybackStateCompat.ACTION_PLAY_PAUSE}" />
    </annotation>
  </item>
  <item name="androidx.media3.session.legacy.PlaybackStateCompat.RepeatMode">
    <annotation name="androidx.annotation.IntDef">
      <val name="value" val="{androidx.media3.session.legacy.PlaybackStateCompat.REPEAT_MODE_INVALID, androidx.media3.session.legacy.PlaybackStateCompat.REPEAT_MODE_NONE, androidx.media3.session.legacy.PlaybackStateCompat.REPEAT_MODE_ONE, androidx.media3.session.legacy.PlaybackStateCompat.REPEAT_MODE_ALL, androidx.media3.session.legacy.PlaybackStateCompat.REPEAT_MODE_GROUP}" />
    </annotation>
  </item>
  <item name="androidx.media3.session.legacy.PlaybackStateCompat.ShuffleMode">
    <annotation name="androidx.annotation.IntDef">
      <val name="value" val="{androidx.media3.session.legacy.PlaybackStateCompat.SHUFFLE_MODE_INVALID, androidx.media3.session.legacy.PlaybackStateCompat.SHUFFLE_MODE_NONE, androidx.media3.session.legacy.PlaybackStateCompat.SHUFFLE_MODE_ALL, androidx.media3.session.legacy.PlaybackStateCompat.SHUFFLE_MODE_GROUP}" />
    </annotation>
  </item>
  <item name="androidx.media3.session.legacy.PlaybackStateCompat.State">
    <annotation name="androidx.annotation.IntDef">
      <val name="value" val="{androidx.media3.session.legacy.PlaybackStateCompat.STATE_NONE, androidx.media3.session.legacy.PlaybackStateCompat.STATE_STOPPED, androidx.media3.session.legacy.PlaybackStateCompat.STATE_PAUSED, androidx.media3.session.legacy.PlaybackStateCompat.STATE_PLAYING, androidx.media3.session.legacy.PlaybackStateCompat.STATE_FAST_FORWARDING, androidx.media3.session.legacy.PlaybackStateCompat.STATE_REWINDING, androidx.media3.session.legacy.PlaybackStateCompat.STATE_BUFFERING, androidx.media3.session.legacy.PlaybackStateCompat.STATE_ERROR, androidx.media3.session.legacy.PlaybackStateCompat.STATE_CONNECTING, androidx.media3.session.legacy.PlaybackStateCompat.STATE_SKIPPING_TO_PREVIOUS, androidx.media3.session.legacy.PlaybackStateCompat.STATE_SKIPPING_TO_NEXT, androidx.media3.session.legacy.PlaybackStateCompat.STATE_SKIPPING_TO_QUEUE_ITEM}" />
    </annotation>
  </item>
  <item name="androidx.media3.session.legacy.RatingCompat RatingCompat(int, float) 0">
    <annotation name="androidx.annotation.IntDef">
      <val name="value" val="{androidx.media3.session.legacy.RatingCompat.RATING_NONE, androidx.media3.session.legacy.RatingCompat.RATING_HEART, androidx.media3.session.legacy.RatingCompat.RATING_THUMB_UP_DOWN, androidx.media3.session.legacy.RatingCompat.RATING_3_STARS, androidx.media3.session.legacy.RatingCompat.RATING_4_STARS, androidx.media3.session.legacy.RatingCompat.RATING_5_STARS, androidx.media3.session.legacy.RatingCompat.RATING_PERCENTAGE}" />
    </annotation>
  </item>
  <item name="androidx.media3.session.legacy.RatingCompat androidx.media3.session.legacy.RatingCompat newStarRating(int, float) 0">
    <annotation name="androidx.annotation.IntDef">
      <val name="value" val="{androidx.media3.session.legacy.RatingCompat.RATING_3_STARS, androidx.media3.session.legacy.RatingCompat.RATING_4_STARS, androidx.media3.session.legacy.RatingCompat.RATING_5_STARS}" />
    </annotation>
  </item>
  <item name="androidx.media3.session.legacy.RatingCompat androidx.media3.session.legacy.RatingCompat newUnratedRating(int) 0">
    <annotation name="androidx.annotation.IntDef">
      <val name="value" val="{androidx.media3.session.legacy.RatingCompat.RATING_NONE, androidx.media3.session.legacy.RatingCompat.RATING_HEART, androidx.media3.session.legacy.RatingCompat.RATING_THUMB_UP_DOWN, androidx.media3.session.legacy.RatingCompat.RATING_3_STARS, androidx.media3.session.legacy.RatingCompat.RATING_4_STARS, androidx.media3.session.legacy.RatingCompat.RATING_5_STARS, androidx.media3.session.legacy.RatingCompat.RATING_PERCENTAGE}" />
    </annotation>
  </item>
  <item name="androidx.media3.session.legacy.RatingCompat int getRatingStyle()">
    <annotation name="androidx.annotation.IntDef">
      <val name="value" val="{androidx.media3.session.legacy.RatingCompat.RATING_NONE, androidx.media3.session.legacy.RatingCompat.RATING_HEART, androidx.media3.session.legacy.RatingCompat.RATING_THUMB_UP_DOWN, androidx.media3.session.legacy.RatingCompat.RATING_3_STARS, androidx.media3.session.legacy.RatingCompat.RATING_4_STARS, androidx.media3.session.legacy.RatingCompat.RATING_5_STARS, androidx.media3.session.legacy.RatingCompat.RATING_PERCENTAGE}" />
    </annotation>
  </item>
  <item name="androidx.media3.session.legacy.RatingCompat.StarStyle">
    <annotation name="androidx.annotation.IntDef">
      <val name="value" val="{androidx.media3.session.legacy.RatingCompat.RATING_3_STARS, androidx.media3.session.legacy.RatingCompat.RATING_4_STARS, androidx.media3.session.legacy.RatingCompat.RATING_5_STARS}" />
    </annotation>
  </item>
  <item name="androidx.media3.session.legacy.RatingCompat.Style">
    <annotation name="androidx.annotation.IntDef">
      <val name="value" val="{androidx.media3.session.legacy.RatingCompat.RATING_NONE, androidx.media3.session.legacy.RatingCompat.RATING_HEART, androidx.media3.session.legacy.RatingCompat.RATING_THUMB_UP_DOWN, androidx.media3.session.legacy.RatingCompat.RATING_3_STARS, androidx.media3.session.legacy.RatingCompat.RATING_4_STARS, androidx.media3.session.legacy.RatingCompat.RATING_5_STARS, androidx.media3.session.legacy.RatingCompat.RATING_PERCENTAGE}" />
    </annotation>
  </item>
  <item name="androidx.media3.session.legacy.VolumeProviderCompat VolumeProviderCompat(int, int, int) 0">
    <annotation name="androidx.annotation.IntDef">
      <val name="value" val="{androidx.media3.session.legacy.VolumeProviderCompat.VOLUME_CONTROL_FIXED, androidx.media3.session.legacy.VolumeProviderCompat.VOLUME_CONTROL_RELATIVE, androidx.media3.session.legacy.VolumeProviderCompat.VOLUME_CONTROL_ABSOLUTE}" />
    </annotation>
  </item>
  <item name="androidx.media3.session.legacy.VolumeProviderCompat VolumeProviderCompat(int, int, int, java.lang.String) 0">
    <annotation name="androidx.annotation.IntDef">
      <val name="value" val="{androidx.media3.session.legacy.VolumeProviderCompat.VOLUME_CONTROL_FIXED, androidx.media3.session.legacy.VolumeProviderCompat.VOLUME_CONTROL_RELATIVE, androidx.media3.session.legacy.VolumeProviderCompat.VOLUME_CONTROL_ABSOLUTE}" />
    </annotation>
  </item>
  <item name="androidx.media3.session.legacy.VolumeProviderCompat int getVolumeControl()">
    <annotation name="androidx.annotation.IntDef">
      <val name="value" val="{androidx.media3.session.legacy.VolumeProviderCompat.VOLUME_CONTROL_FIXED, androidx.media3.session.legacy.VolumeProviderCompat.VOLUME_CONTROL_RELATIVE, androidx.media3.session.legacy.VolumeProviderCompat.VOLUME_CONTROL_ABSOLUTE}" />
    </annotation>
  </item>
  <item name="androidx.media3.session.legacy.VolumeProviderCompat.ControlType">
    <annotation name="androidx.annotation.IntDef">
      <val name="value" val="{androidx.media3.session.legacy.VolumeProviderCompat.VOLUME_CONTROL_FIXED, androidx.media3.session.legacy.VolumeProviderCompat.VOLUME_CONTROL_RELATIVE, androidx.media3.session.legacy.VolumeProviderCompat.VOLUME_CONTROL_ABSOLUTE}" />
    </annotation>
  </item>
</root>

