<?xml version="1.0" encoding="UTF-8"?>
<root>
  <item name="androidx.media3.exoplayer.source.preload.DefaultPreloadManager.Status Status(int) 0">
    <annotation name="androidx.annotation.IntDef">
      <val name="value" val="{androidx.media3.exoplayer.source.preload.DefaultPreloadManager.Status.STAGE_SOURCE_PREPARED, androidx.media3.exoplayer.source.preload.DefaultPreloadManager.Status.STAGE_TRACKS_SELECTED, androidx.media3.exoplayer.source.preload.DefaultPreloadManager.Status.STAGE_LOADED_FOR_DURATION_MS}" />
    </annotation>
  </item>
  <item name="androidx.media3.exoplayer.source.preload.DefaultPreloadManager.Status Status(int, long) 0">
    <annotation name="androidx.annotation.IntDef">
      <val name="value" val="{androidx.media3.exoplayer.source.preload.DefaultPreloadManager.Status.STAGE_SOURCE_PREPARED, androidx.media3.exoplayer.source.preload.DefaultPreloadManager.Status.STAGE_TRACKS_SELECTED, androidx.media3.exoplayer.source.preload.DefaultPreloadManager.Status.STAGE_LOADED_FOR_DURATION_MS}" />
    </annotation>
  </item>
  <item name="androidx.media3.exoplayer.source.preload.DefaultPreloadManager.Status int getStage()">
    <annotation name="androidx.annotation.IntDef">
      <val name="value" val="{androidx.media3.exoplayer.source.preload.DefaultPreloadManager.Status.STAGE_SOURCE_PREPARED, androidx.media3.exoplayer.source.preload.DefaultPreloadManager.Status.STAGE_TRACKS_SELECTED, androidx.media3.exoplayer.source.preload.DefaultPreloadManager.Status.STAGE_LOADED_FOR_DURATION_MS}" />
    </annotation>
  </item>
  <item name="androidx.media3.exoplayer.source.preload.DefaultPreloadManager.Status stage">
    <annotation name="androidx.annotation.IntDef">
      <val name="value" val="{androidx.media3.exoplayer.source.preload.DefaultPreloadManager.Status.STAGE_SOURCE_PREPARED, androidx.media3.exoplayer.source.preload.DefaultPreloadManager.Status.STAGE_TRACKS_SELECTED, androidx.media3.exoplayer.source.preload.DefaultPreloadManager.Status.STAGE_LOADED_FOR_DURATION_MS}" />
    </annotation>
  </item>
  <item name="androidx.media3.exoplayer.source.preload.DefaultPreloadManager.Status.Stage">
    <annotation name="androidx.annotation.IntDef">
      <val name="value" val="{androidx.media3.exoplayer.source.preload.DefaultPreloadManager.Status.STAGE_SOURCE_PREPARED, androidx.media3.exoplayer.source.preload.DefaultPreloadManager.Status.STAGE_TRACKS_SELECTED, androidx.media3.exoplayer.source.preload.DefaultPreloadManager.Status.STAGE_LOADED_FOR_DURATION_MS}" />
    </annotation>
  </item>
</root>

