<?xml version="1.0" encoding="UTF-8"?>
<root>
  <item name="androidx.media3.exoplayer.rtsp.MediaDescription mediaType">
    <annotation name="androidx.annotation.StringDef">
      <val name="value" val="{androidx.media3.exoplayer.rtsp.MediaDescription.MEDIA_TYPE_VIDEO, androidx.media3.exoplayer.rtsp.MediaDescription.MEDIA_TYPE_AUDIO}" />
    </annotation>
  </item>
  <item name="androidx.media3.exoplayer.rtsp.MediaDescription.MediaType">
    <annotation name="androidx.annotation.StringDef">
      <val name="value" val="{androidx.media3.exoplayer.rtsp.MediaDescription.MEDIA_TYPE_VIDEO, androidx.media3.exoplayer.rtsp.MediaDescription.MEDIA_TYPE_AUDIO}" />
    </annotation>
  </item>
  <item name="androidx.media3.exoplayer.rtsp.RtspAuthenticationInfo RtspAuthenticationInfo(int, java.lang.String, java.lang.String, java.lang.String) 0">
    <annotation name="androidx.annotation.IntDef">
      <val name="value" val="{androidx.media3.exoplayer.rtsp.RtspAuthenticationInfo.BASIC, androidx.media3.exoplayer.rtsp.RtspAuthenticationInfo.DIGEST}" />
    </annotation>
  </item>
  <item name="androidx.media3.exoplayer.rtsp.RtspAuthenticationInfo authenticationMechanism">
    <annotation name="androidx.annotation.IntDef">
      <val name="value" val="{androidx.media3.exoplayer.rtsp.RtspAuthenticationInfo.BASIC, androidx.media3.exoplayer.rtsp.RtspAuthenticationInfo.DIGEST}" />
    </annotation>
  </item>
  <item name="androidx.media3.exoplayer.rtsp.RtspAuthenticationInfo java.lang.String getAuthorizationHeaderValue(androidx.media3.exoplayer.rtsp.RtspMessageUtil.RtspAuthUserInfo, android.net.Uri, int) 2">
    <annotation name="androidx.annotation.IntDef">
      <val name="value" val="{androidx.media3.exoplayer.rtsp.RtspRequest.METHOD_UNSET, androidx.media3.exoplayer.rtsp.RtspRequest.METHOD_ANNOUNCE, androidx.media3.exoplayer.rtsp.RtspRequest.METHOD_DESCRIBE, androidx.media3.exoplayer.rtsp.RtspRequest.METHOD_GET_PARAMETER, androidx.media3.exoplayer.rtsp.RtspRequest.METHOD_OPTIONS, androidx.media3.exoplayer.rtsp.RtspRequest.METHOD_PAUSE, androidx.media3.exoplayer.rtsp.RtspRequest.METHOD_PLAY, androidx.media3.exoplayer.rtsp.RtspRequest.METHOD_PLAY_NOTIFY, androidx.media3.exoplayer.rtsp.RtspRequest.METHOD_RECORD, androidx.media3.exoplayer.rtsp.RtspRequest.METHOD_REDIRECT, androidx.media3.exoplayer.rtsp.RtspRequest.METHOD_SETUP, androidx.media3.exoplayer.rtsp.RtspRequest.METHOD_SET_PARAMETER, androidx.media3.exoplayer.rtsp.RtspRequest.METHOD_TEARDOWN}" />
    </annotation>
  </item>
  <item name="androidx.media3.exoplayer.rtsp.RtspAuthenticationInfo java.lang.String getDigestAuthorizationHeaderValue(androidx.media3.exoplayer.rtsp.RtspMessageUtil.RtspAuthUserInfo, android.net.Uri, int) 2">
    <annotation name="androidx.annotation.IntDef">
      <val name="value" val="{androidx.media3.exoplayer.rtsp.RtspRequest.METHOD_UNSET, androidx.media3.exoplayer.rtsp.RtspRequest.METHOD_ANNOUNCE, androidx.media3.exoplayer.rtsp.RtspRequest.METHOD_DESCRIBE, androidx.media3.exoplayer.rtsp.RtspRequest.METHOD_GET_PARAMETER, androidx.media3.exoplayer.rtsp.RtspRequest.METHOD_OPTIONS, androidx.media3.exoplayer.rtsp.RtspRequest.METHOD_PAUSE, androidx.media3.exoplayer.rtsp.RtspRequest.METHOD_PLAY, androidx.media3.exoplayer.rtsp.RtspRequest.METHOD_PLAY_NOTIFY, androidx.media3.exoplayer.rtsp.RtspRequest.METHOD_RECORD, androidx.media3.exoplayer.rtsp.RtspRequest.METHOD_REDIRECT, androidx.media3.exoplayer.rtsp.RtspRequest.METHOD_SETUP, androidx.media3.exoplayer.rtsp.RtspRequest.METHOD_SET_PARAMETER, androidx.media3.exoplayer.rtsp.RtspRequest.METHOD_TEARDOWN}" />
    </annotation>
  </item>
  <item name="androidx.media3.exoplayer.rtsp.RtspClient int getState()">
    <annotation name="androidx.annotation.IntDef">
      <val name="value" val="{androidx.media3.exoplayer.rtsp.RtspClient.RTSP_STATE_UNINITIALIZED, androidx.media3.exoplayer.rtsp.RtspClient.RTSP_STATE_INIT, androidx.media3.exoplayer.rtsp.RtspClient.RTSP_STATE_READY, androidx.media3.exoplayer.rtsp.RtspClient.RTSP_STATE_PLAYING}" />
    </annotation>
  </item>
  <item name="androidx.media3.exoplayer.rtsp.RtspClient rtspState">
    <annotation name="androidx.annotation.IntDef">
      <val name="value" val="{androidx.media3.exoplayer.rtsp.RtspClient.RTSP_STATE_UNINITIALIZED, androidx.media3.exoplayer.rtsp.RtspClient.RTSP_STATE_INIT, androidx.media3.exoplayer.rtsp.RtspClient.RTSP_STATE_READY, androidx.media3.exoplayer.rtsp.RtspClient.RTSP_STATE_PLAYING}" />
    </annotation>
  </item>
  <item name="androidx.media3.exoplayer.rtsp.RtspClient.MessageSender androidx.media3.exoplayer.rtsp.RtspRequest getRequestWithCommonHeaders(int, java.lang.String, java.util.Map&lt;java.lang.String,java.lang.String&gt;, android.net.Uri) 0">
    <annotation name="androidx.annotation.IntDef">
      <val name="value" val="{androidx.media3.exoplayer.rtsp.RtspRequest.METHOD_UNSET, androidx.media3.exoplayer.rtsp.RtspRequest.METHOD_ANNOUNCE, androidx.media3.exoplayer.rtsp.RtspRequest.METHOD_DESCRIBE, androidx.media3.exoplayer.rtsp.RtspRequest.METHOD_GET_PARAMETER, androidx.media3.exoplayer.rtsp.RtspRequest.METHOD_OPTIONS, androidx.media3.exoplayer.rtsp.RtspRequest.METHOD_PAUSE, androidx.media3.exoplayer.rtsp.RtspRequest.METHOD_PLAY, androidx.media3.exoplayer.rtsp.RtspRequest.METHOD_PLAY_NOTIFY, androidx.media3.exoplayer.rtsp.RtspRequest.METHOD_RECORD, androidx.media3.exoplayer.rtsp.RtspRequest.METHOD_REDIRECT, androidx.media3.exoplayer.rtsp.RtspRequest.METHOD_SETUP, androidx.media3.exoplayer.rtsp.RtspRequest.METHOD_SET_PARAMETER, androidx.media3.exoplayer.rtsp.RtspRequest.METHOD_TEARDOWN}" />
    </annotation>
  </item>
  <item name="androidx.media3.exoplayer.rtsp.RtspClient.RtspState">
    <annotation name="androidx.annotation.IntDef">
      <val name="value" val="{androidx.media3.exoplayer.rtsp.RtspClient.RTSP_STATE_UNINITIALIZED, androidx.media3.exoplayer.rtsp.RtspClient.RTSP_STATE_INIT, androidx.media3.exoplayer.rtsp.RtspClient.RTSP_STATE_READY, androidx.media3.exoplayer.rtsp.RtspClient.RTSP_STATE_PLAYING}" />
    </annotation>
  </item>
  <item name="androidx.media3.exoplayer.rtsp.RtspMessageChannel.MessageParser state">
    <annotation name="androidx.annotation.IntDef">
      <val name="value" val="{androidx.media3.exoplayer.rtsp.RtspMessageChannel.MessageParser.STATE_READING_FIRST_LINE, androidx.media3.exoplayer.rtsp.RtspMessageChannel.MessageParser.STATE_READING_HEADER, androidx.media3.exoplayer.rtsp.RtspMessageChannel.MessageParser.STATE_READING_BODY}" />
    </annotation>
  </item>
  <item name="androidx.media3.exoplayer.rtsp.RtspMessageUtil int parseMethodString(java.lang.String)">
    <annotation name="androidx.annotation.IntDef">
      <val name="value" val="{androidx.media3.exoplayer.rtsp.RtspRequest.METHOD_UNSET, androidx.media3.exoplayer.rtsp.RtspRequest.METHOD_ANNOUNCE, androidx.media3.exoplayer.rtsp.RtspRequest.METHOD_DESCRIBE, androidx.media3.exoplayer.rtsp.RtspRequest.METHOD_GET_PARAMETER, androidx.media3.exoplayer.rtsp.RtspRequest.METHOD_OPTIONS, androidx.media3.exoplayer.rtsp.RtspRequest.METHOD_PAUSE, androidx.media3.exoplayer.rtsp.RtspRequest.METHOD_PLAY, androidx.media3.exoplayer.rtsp.RtspRequest.METHOD_PLAY_NOTIFY, androidx.media3.exoplayer.rtsp.RtspRequest.METHOD_RECORD, androidx.media3.exoplayer.rtsp.RtspRequest.METHOD_REDIRECT, androidx.media3.exoplayer.rtsp.RtspRequest.METHOD_SETUP, androidx.media3.exoplayer.rtsp.RtspRequest.METHOD_SET_PARAMETER, androidx.media3.exoplayer.rtsp.RtspRequest.METHOD_TEARDOWN}" />
    </annotation>
  </item>
  <item name="androidx.media3.exoplayer.rtsp.RtspMessageUtil java.lang.String toMethodString(int) 0">
    <annotation name="androidx.annotation.IntDef">
      <val name="value" val="{androidx.media3.exoplayer.rtsp.RtspRequest.METHOD_UNSET, androidx.media3.exoplayer.rtsp.RtspRequest.METHOD_ANNOUNCE, androidx.media3.exoplayer.rtsp.RtspRequest.METHOD_DESCRIBE, androidx.media3.exoplayer.rtsp.RtspRequest.METHOD_GET_PARAMETER, androidx.media3.exoplayer.rtsp.RtspRequest.METHOD_OPTIONS, androidx.media3.exoplayer.rtsp.RtspRequest.METHOD_PAUSE, androidx.media3.exoplayer.rtsp.RtspRequest.METHOD_PLAY, androidx.media3.exoplayer.rtsp.RtspRequest.METHOD_PLAY_NOTIFY, androidx.media3.exoplayer.rtsp.RtspRequest.METHOD_RECORD, androidx.media3.exoplayer.rtsp.RtspRequest.METHOD_REDIRECT, androidx.media3.exoplayer.rtsp.RtspRequest.METHOD_SETUP, androidx.media3.exoplayer.rtsp.RtspRequest.METHOD_SET_PARAMETER, androidx.media3.exoplayer.rtsp.RtspRequest.METHOD_TEARDOWN}" />
    </annotation>
  </item>
  <item name="androidx.media3.exoplayer.rtsp.RtspRequest RtspRequest(android.net.Uri, int, androidx.media3.exoplayer.rtsp.RtspHeaders, java.lang.String) 1">
    <annotation name="androidx.annotation.IntDef">
      <val name="value" val="{androidx.media3.exoplayer.rtsp.RtspRequest.METHOD_UNSET, androidx.media3.exoplayer.rtsp.RtspRequest.METHOD_ANNOUNCE, androidx.media3.exoplayer.rtsp.RtspRequest.METHOD_DESCRIBE, androidx.media3.exoplayer.rtsp.RtspRequest.METHOD_GET_PARAMETER, androidx.media3.exoplayer.rtsp.RtspRequest.METHOD_OPTIONS, androidx.media3.exoplayer.rtsp.RtspRequest.METHOD_PAUSE, androidx.media3.exoplayer.rtsp.RtspRequest.METHOD_PLAY, androidx.media3.exoplayer.rtsp.RtspRequest.METHOD_PLAY_NOTIFY, androidx.media3.exoplayer.rtsp.RtspRequest.METHOD_RECORD, androidx.media3.exoplayer.rtsp.RtspRequest.METHOD_REDIRECT, androidx.media3.exoplayer.rtsp.RtspRequest.METHOD_SETUP, androidx.media3.exoplayer.rtsp.RtspRequest.METHOD_SET_PARAMETER, androidx.media3.exoplayer.rtsp.RtspRequest.METHOD_TEARDOWN}" />
    </annotation>
  </item>
  <item name="androidx.media3.exoplayer.rtsp.RtspRequest method">
    <annotation name="androidx.annotation.IntDef">
      <val name="value" val="{androidx.media3.exoplayer.rtsp.RtspRequest.METHOD_UNSET, androidx.media3.exoplayer.rtsp.RtspRequest.METHOD_ANNOUNCE, androidx.media3.exoplayer.rtsp.RtspRequest.METHOD_DESCRIBE, androidx.media3.exoplayer.rtsp.RtspRequest.METHOD_GET_PARAMETER, androidx.media3.exoplayer.rtsp.RtspRequest.METHOD_OPTIONS, androidx.media3.exoplayer.rtsp.RtspRequest.METHOD_PAUSE, androidx.media3.exoplayer.rtsp.RtspRequest.METHOD_PLAY, androidx.media3.exoplayer.rtsp.RtspRequest.METHOD_PLAY_NOTIFY, androidx.media3.exoplayer.rtsp.RtspRequest.METHOD_RECORD, androidx.media3.exoplayer.rtsp.RtspRequest.METHOD_REDIRECT, androidx.media3.exoplayer.rtsp.RtspRequest.METHOD_SETUP, androidx.media3.exoplayer.rtsp.RtspRequest.METHOD_SET_PARAMETER, androidx.media3.exoplayer.rtsp.RtspRequest.METHOD_TEARDOWN}" />
    </annotation>
  </item>
  <item name="androidx.media3.exoplayer.rtsp.RtspRequest.Method">
    <annotation name="androidx.annotation.IntDef">
      <val name="value" val="{androidx.media3.exoplayer.rtsp.RtspRequest.METHOD_UNSET, androidx.media3.exoplayer.rtsp.RtspRequest.METHOD_ANNOUNCE, androidx.media3.exoplayer.rtsp.RtspRequest.METHOD_DESCRIBE, androidx.media3.exoplayer.rtsp.RtspRequest.METHOD_GET_PARAMETER, androidx.media3.exoplayer.rtsp.RtspRequest.METHOD_OPTIONS, androidx.media3.exoplayer.rtsp.RtspRequest.METHOD_PAUSE, androidx.media3.exoplayer.rtsp.RtspRequest.METHOD_PLAY, androidx.media3.exoplayer.rtsp.RtspRequest.METHOD_PLAY_NOTIFY, androidx.media3.exoplayer.rtsp.RtspRequest.METHOD_RECORD, androidx.media3.exoplayer.rtsp.RtspRequest.METHOD_REDIRECT, androidx.media3.exoplayer.rtsp.RtspRequest.METHOD_SETUP, androidx.media3.exoplayer.rtsp.RtspRequest.METHOD_SET_PARAMETER, androidx.media3.exoplayer.rtsp.RtspRequest.METHOD_TEARDOWN}" />
    </annotation>
  </item>
</root>

