<?xml version="1.0" encoding="UTF-8"?>
<root>
  <item name="androidx.media3.extractor.mp4.BoxParser.StsdData requiredSampleTransformation">
    <annotation name="androidx.annotation.IntDef">
      <val name="value" val="{androidx.media3.extractor.mp4.Track.TRANSFORMATION_NONE, androidx.media3.extractor.mp4.Track.TRANSFORMATION_CEA608_CDAT}" />
    </annotation>
  </item>
  <item name="androidx.media3.extractor.mp4.FragmentedMp4Extractor FragmentedMp4Extractor(androidx.media3.extractor.text.SubtitleParser.Factory, int) 1">
    <annotation name="androidx.annotation.IntDef">
      <val name="flag" val="true" />
      <val name="value" val="{androidx.media3.extractor.mp4.FragmentedMp4Extractor.FLAG_WORKAROUND_EVERY_VIDEO_FRAME_IS_SYNC_FRAME, androidx.media3.extractor.mp4.FragmentedMp4Extractor.FLAG_WORKAROUND_IGNORE_TFDT_BOX, androidx.media3.extractor.mp4.FragmentedMp4Extractor.FLAG_ENABLE_EMSG_TRACK, androidx.media3.extractor.mp4.FragmentedMp4Extractor.FLAG_WORKAROUND_IGNORE_EDIT_LISTS, androidx.media3.extractor.mp4.FragmentedMp4Extractor.FLAG_EMIT_RAW_SUBTITLE_DATA, androidx.media3.extractor.mp4.FragmentedMp4Extractor.FLAG_READ_WITHIN_GOP_SAMPLE_DEPENDENCIES}" />
    </annotation>
  </item>
  <item name="androidx.media3.extractor.mp4.FragmentedMp4Extractor FragmentedMp4Extractor(androidx.media3.extractor.text.SubtitleParser.Factory, int, androidx.media3.common.util.TimestampAdjuster, androidx.media3.extractor.mp4.Track, java.util.List&lt;androidx.media3.common.Format&gt;, androidx.media3.extractor.TrackOutput) 1">
    <annotation name="androidx.annotation.IntDef">
      <val name="flag" val="true" />
      <val name="value" val="{androidx.media3.extractor.mp4.FragmentedMp4Extractor.FLAG_WORKAROUND_EVERY_VIDEO_FRAME_IS_SYNC_FRAME, androidx.media3.extractor.mp4.FragmentedMp4Extractor.FLAG_WORKAROUND_IGNORE_TFDT_BOX, androidx.media3.extractor.mp4.FragmentedMp4Extractor.FLAG_ENABLE_EMSG_TRACK, androidx.media3.extractor.mp4.FragmentedMp4Extractor.FLAG_WORKAROUND_IGNORE_EDIT_LISTS, androidx.media3.extractor.mp4.FragmentedMp4Extractor.FLAG_EMIT_RAW_SUBTITLE_DATA, androidx.media3.extractor.mp4.FragmentedMp4Extractor.FLAG_READ_WITHIN_GOP_SAMPLE_DEPENDENCIES}" />
    </annotation>
  </item>
  <item name="androidx.media3.extractor.mp4.FragmentedMp4Extractor FragmentedMp4Extractor(int) 0">
    <annotation name="androidx.annotation.IntDef">
      <val name="flag" val="true" />
      <val name="value" val="{androidx.media3.extractor.mp4.FragmentedMp4Extractor.FLAG_WORKAROUND_EVERY_VIDEO_FRAME_IS_SYNC_FRAME, androidx.media3.extractor.mp4.FragmentedMp4Extractor.FLAG_WORKAROUND_IGNORE_TFDT_BOX, androidx.media3.extractor.mp4.FragmentedMp4Extractor.FLAG_ENABLE_EMSG_TRACK, androidx.media3.extractor.mp4.FragmentedMp4Extractor.FLAG_WORKAROUND_IGNORE_EDIT_LISTS, androidx.media3.extractor.mp4.FragmentedMp4Extractor.FLAG_EMIT_RAW_SUBTITLE_DATA, androidx.media3.extractor.mp4.FragmentedMp4Extractor.FLAG_READ_WITHIN_GOP_SAMPLE_DEPENDENCIES}" />
    </annotation>
  </item>
  <item name="androidx.media3.extractor.mp4.FragmentedMp4Extractor FragmentedMp4Extractor(int, androidx.media3.common.util.TimestampAdjuster) 0">
    <annotation name="androidx.annotation.IntDef">
      <val name="flag" val="true" />
      <val name="value" val="{androidx.media3.extractor.mp4.FragmentedMp4Extractor.FLAG_WORKAROUND_EVERY_VIDEO_FRAME_IS_SYNC_FRAME, androidx.media3.extractor.mp4.FragmentedMp4Extractor.FLAG_WORKAROUND_IGNORE_TFDT_BOX, androidx.media3.extractor.mp4.FragmentedMp4Extractor.FLAG_ENABLE_EMSG_TRACK, androidx.media3.extractor.mp4.FragmentedMp4Extractor.FLAG_WORKAROUND_IGNORE_EDIT_LISTS, androidx.media3.extractor.mp4.FragmentedMp4Extractor.FLAG_EMIT_RAW_SUBTITLE_DATA, androidx.media3.extractor.mp4.FragmentedMp4Extractor.FLAG_READ_WITHIN_GOP_SAMPLE_DEPENDENCIES}" />
    </annotation>
  </item>
  <item name="androidx.media3.extractor.mp4.FragmentedMp4Extractor FragmentedMp4Extractor(int, androidx.media3.common.util.TimestampAdjuster, androidx.media3.extractor.mp4.Track) 0">
    <annotation name="androidx.annotation.IntDef">
      <val name="flag" val="true" />
      <val name="value" val="{androidx.media3.extractor.mp4.FragmentedMp4Extractor.FLAG_WORKAROUND_EVERY_VIDEO_FRAME_IS_SYNC_FRAME, androidx.media3.extractor.mp4.FragmentedMp4Extractor.FLAG_WORKAROUND_IGNORE_TFDT_BOX, androidx.media3.extractor.mp4.FragmentedMp4Extractor.FLAG_ENABLE_EMSG_TRACK, androidx.media3.extractor.mp4.FragmentedMp4Extractor.FLAG_WORKAROUND_IGNORE_EDIT_LISTS, androidx.media3.extractor.mp4.FragmentedMp4Extractor.FLAG_EMIT_RAW_SUBTITLE_DATA, androidx.media3.extractor.mp4.FragmentedMp4Extractor.FLAG_READ_WITHIN_GOP_SAMPLE_DEPENDENCIES}" />
    </annotation>
  </item>
  <item name="androidx.media3.extractor.mp4.FragmentedMp4Extractor FragmentedMp4Extractor(int, androidx.media3.common.util.TimestampAdjuster, androidx.media3.extractor.mp4.Track, java.util.List&lt;androidx.media3.common.Format&gt;) 0">
    <annotation name="androidx.annotation.IntDef">
      <val name="flag" val="true" />
      <val name="value" val="{androidx.media3.extractor.mp4.FragmentedMp4Extractor.FLAG_WORKAROUND_EVERY_VIDEO_FRAME_IS_SYNC_FRAME, androidx.media3.extractor.mp4.FragmentedMp4Extractor.FLAG_WORKAROUND_IGNORE_TFDT_BOX, androidx.media3.extractor.mp4.FragmentedMp4Extractor.FLAG_ENABLE_EMSG_TRACK, androidx.media3.extractor.mp4.FragmentedMp4Extractor.FLAG_WORKAROUND_IGNORE_EDIT_LISTS, androidx.media3.extractor.mp4.FragmentedMp4Extractor.FLAG_EMIT_RAW_SUBTITLE_DATA, androidx.media3.extractor.mp4.FragmentedMp4Extractor.FLAG_READ_WITHIN_GOP_SAMPLE_DEPENDENCIES}" />
    </annotation>
  </item>
  <item name="androidx.media3.extractor.mp4.FragmentedMp4Extractor FragmentedMp4Extractor(int, androidx.media3.common.util.TimestampAdjuster, androidx.media3.extractor.mp4.Track, java.util.List&lt;androidx.media3.common.Format&gt;, androidx.media3.extractor.TrackOutput) 0">
    <annotation name="androidx.annotation.IntDef">
      <val name="flag" val="true" />
      <val name="value" val="{androidx.media3.extractor.mp4.FragmentedMp4Extractor.FLAG_WORKAROUND_EVERY_VIDEO_FRAME_IS_SYNC_FRAME, androidx.media3.extractor.mp4.FragmentedMp4Extractor.FLAG_WORKAROUND_IGNORE_TFDT_BOX, androidx.media3.extractor.mp4.FragmentedMp4Extractor.FLAG_ENABLE_EMSG_TRACK, androidx.media3.extractor.mp4.FragmentedMp4Extractor.FLAG_WORKAROUND_IGNORE_EDIT_LISTS, androidx.media3.extractor.mp4.FragmentedMp4Extractor.FLAG_EMIT_RAW_SUBTITLE_DATA, androidx.media3.extractor.mp4.FragmentedMp4Extractor.FLAG_READ_WITHIN_GOP_SAMPLE_DEPENDENCIES}" />
    </annotation>
  </item>
  <item name="androidx.media3.extractor.mp4.FragmentedMp4Extractor flags">
    <annotation name="androidx.annotation.IntDef">
      <val name="flag" val="true" />
      <val name="value" val="{androidx.media3.extractor.mp4.FragmentedMp4Extractor.FLAG_WORKAROUND_EVERY_VIDEO_FRAME_IS_SYNC_FRAME, androidx.media3.extractor.mp4.FragmentedMp4Extractor.FLAG_WORKAROUND_IGNORE_TFDT_BOX, androidx.media3.extractor.mp4.FragmentedMp4Extractor.FLAG_ENABLE_EMSG_TRACK, androidx.media3.extractor.mp4.FragmentedMp4Extractor.FLAG_WORKAROUND_IGNORE_EDIT_LISTS, androidx.media3.extractor.mp4.FragmentedMp4Extractor.FLAG_EMIT_RAW_SUBTITLE_DATA, androidx.media3.extractor.mp4.FragmentedMp4Extractor.FLAG_READ_WITHIN_GOP_SAMPLE_DEPENDENCIES}" />
    </annotation>
  </item>
  <item name="androidx.media3.extractor.mp4.FragmentedMp4Extractor int parseTrun(androidx.media3.extractor.mp4.FragmentedMp4Extractor.TrackBundle, int, int, androidx.media3.common.util.ParsableByteArray, int) 2">
    <annotation name="androidx.annotation.IntDef">
      <val name="flag" val="true" />
      <val name="value" val="{androidx.media3.extractor.mp4.FragmentedMp4Extractor.FLAG_WORKAROUND_EVERY_VIDEO_FRAME_IS_SYNC_FRAME, androidx.media3.extractor.mp4.FragmentedMp4Extractor.FLAG_WORKAROUND_IGNORE_TFDT_BOX, androidx.media3.extractor.mp4.FragmentedMp4Extractor.FLAG_ENABLE_EMSG_TRACK, androidx.media3.extractor.mp4.FragmentedMp4Extractor.FLAG_WORKAROUND_IGNORE_EDIT_LISTS, androidx.media3.extractor.mp4.FragmentedMp4Extractor.FLAG_EMIT_RAW_SUBTITLE_DATA, androidx.media3.extractor.mp4.FragmentedMp4Extractor.FLAG_READ_WITHIN_GOP_SAMPLE_DEPENDENCIES}" />
    </annotation>
  </item>
  <item name="androidx.media3.extractor.mp4.FragmentedMp4Extractor void parseMoof(androidx.media3.container.Mp4Box.ContainerBox, android.util.SparseArray&lt;androidx.media3.extractor.mp4.FragmentedMp4Extractor.TrackBundle&gt;, boolean, int, byte[]) 3">
    <annotation name="androidx.annotation.IntDef">
      <val name="flag" val="true" />
      <val name="value" val="{androidx.media3.extractor.mp4.FragmentedMp4Extractor.FLAG_WORKAROUND_EVERY_VIDEO_FRAME_IS_SYNC_FRAME, androidx.media3.extractor.mp4.FragmentedMp4Extractor.FLAG_WORKAROUND_IGNORE_TFDT_BOX, androidx.media3.extractor.mp4.FragmentedMp4Extractor.FLAG_ENABLE_EMSG_TRACK, androidx.media3.extractor.mp4.FragmentedMp4Extractor.FLAG_WORKAROUND_IGNORE_EDIT_LISTS, androidx.media3.extractor.mp4.FragmentedMp4Extractor.FLAG_EMIT_RAW_SUBTITLE_DATA, androidx.media3.extractor.mp4.FragmentedMp4Extractor.FLAG_READ_WITHIN_GOP_SAMPLE_DEPENDENCIES}" />
    </annotation>
  </item>
  <item name="androidx.media3.extractor.mp4.FragmentedMp4Extractor void parseTraf(androidx.media3.container.Mp4Box.ContainerBox, android.util.SparseArray&lt;androidx.media3.extractor.mp4.FragmentedMp4Extractor.TrackBundle&gt;, boolean, int, byte[]) 3">
    <annotation name="androidx.annotation.IntDef">
      <val name="flag" val="true" />
      <val name="value" val="{androidx.media3.extractor.mp4.FragmentedMp4Extractor.FLAG_WORKAROUND_EVERY_VIDEO_FRAME_IS_SYNC_FRAME, androidx.media3.extractor.mp4.FragmentedMp4Extractor.FLAG_WORKAROUND_IGNORE_TFDT_BOX, androidx.media3.extractor.mp4.FragmentedMp4Extractor.FLAG_ENABLE_EMSG_TRACK, androidx.media3.extractor.mp4.FragmentedMp4Extractor.FLAG_WORKAROUND_IGNORE_EDIT_LISTS, androidx.media3.extractor.mp4.FragmentedMp4Extractor.FLAG_EMIT_RAW_SUBTITLE_DATA, androidx.media3.extractor.mp4.FragmentedMp4Extractor.FLAG_READ_WITHIN_GOP_SAMPLE_DEPENDENCIES}" />
    </annotation>
  </item>
  <item name="androidx.media3.extractor.mp4.FragmentedMp4Extractor void parseTruns(androidx.media3.container.Mp4Box.ContainerBox, androidx.media3.extractor.mp4.FragmentedMp4Extractor.TrackBundle, int) 2">
    <annotation name="androidx.annotation.IntDef">
      <val name="flag" val="true" />
      <val name="value" val="{androidx.media3.extractor.mp4.FragmentedMp4Extractor.FLAG_WORKAROUND_EVERY_VIDEO_FRAME_IS_SYNC_FRAME, androidx.media3.extractor.mp4.FragmentedMp4Extractor.FLAG_WORKAROUND_IGNORE_TFDT_BOX, androidx.media3.extractor.mp4.FragmentedMp4Extractor.FLAG_ENABLE_EMSG_TRACK, androidx.media3.extractor.mp4.FragmentedMp4Extractor.FLAG_WORKAROUND_IGNORE_EDIT_LISTS, androidx.media3.extractor.mp4.FragmentedMp4Extractor.FLAG_EMIT_RAW_SUBTITLE_DATA, androidx.media3.extractor.mp4.FragmentedMp4Extractor.FLAG_READ_WITHIN_GOP_SAMPLE_DEPENDENCIES}" />
    </annotation>
  </item>
  <item name="androidx.media3.extractor.mp4.FragmentedMp4Extractor.Flags">
    <annotation name="androidx.annotation.IntDef">
      <val name="flag" val="true" />
      <val name="value" val="{androidx.media3.extractor.mp4.FragmentedMp4Extractor.FLAG_WORKAROUND_EVERY_VIDEO_FRAME_IS_SYNC_FRAME, androidx.media3.extractor.mp4.FragmentedMp4Extractor.FLAG_WORKAROUND_IGNORE_TFDT_BOX, androidx.media3.extractor.mp4.FragmentedMp4Extractor.FLAG_ENABLE_EMSG_TRACK, androidx.media3.extractor.mp4.FragmentedMp4Extractor.FLAG_WORKAROUND_IGNORE_EDIT_LISTS, androidx.media3.extractor.mp4.FragmentedMp4Extractor.FLAG_EMIT_RAW_SUBTITLE_DATA, androidx.media3.extractor.mp4.FragmentedMp4Extractor.FLAG_READ_WITHIN_GOP_SAMPLE_DEPENDENCIES}" />
    </annotation>
  </item>
  <item name="androidx.media3.extractor.mp4.Mp4Extractor Mp4Extractor(androidx.media3.extractor.text.SubtitleParser.Factory, int) 1">
    <annotation name="androidx.annotation.IntDef">
      <val name="flag" val="true" />
      <val name="value" val="{androidx.media3.extractor.mp4.Mp4Extractor.FLAG_WORKAROUND_IGNORE_EDIT_LISTS, androidx.media3.extractor.mp4.Mp4Extractor.FLAG_READ_MOTION_PHOTO_METADATA, androidx.media3.extractor.mp4.Mp4Extractor.FLAG_READ_SEF_DATA, androidx.media3.extractor.mp4.Mp4Extractor.FLAG_MARK_FIRST_VIDEO_TRACK_WITH_MAIN_ROLE, androidx.media3.extractor.mp4.Mp4Extractor.FLAG_EMIT_RAW_SUBTITLE_DATA, androidx.media3.extractor.mp4.Mp4Extractor.FLAG_READ_WITHIN_GOP_SAMPLE_DEPENDENCIES, androidx.media3.extractor.mp4.Mp4Extractor.FLAG_READ_EDITABLE_VIDEO_TRACKS}" />
    </annotation>
  </item>
  <item name="androidx.media3.extractor.mp4.Mp4Extractor Mp4Extractor(int) 0">
    <annotation name="androidx.annotation.IntDef">
      <val name="flag" val="true" />
      <val name="value" val="{androidx.media3.extractor.mp4.Mp4Extractor.FLAG_WORKAROUND_IGNORE_EDIT_LISTS, androidx.media3.extractor.mp4.Mp4Extractor.FLAG_READ_MOTION_PHOTO_METADATA, androidx.media3.extractor.mp4.Mp4Extractor.FLAG_READ_SEF_DATA, androidx.media3.extractor.mp4.Mp4Extractor.FLAG_MARK_FIRST_VIDEO_TRACK_WITH_MAIN_ROLE, androidx.media3.extractor.mp4.Mp4Extractor.FLAG_EMIT_RAW_SUBTITLE_DATA, androidx.media3.extractor.mp4.Mp4Extractor.FLAG_READ_WITHIN_GOP_SAMPLE_DEPENDENCIES, androidx.media3.extractor.mp4.Mp4Extractor.FLAG_READ_EDITABLE_VIDEO_TRACKS}" />
    </annotation>
  </item>
  <item name="androidx.media3.extractor.mp4.Mp4Extractor fileType">
    <annotation name="androidx.annotation.IntDef">
      <val name="value" val="{androidx.media3.extractor.mp4.Mp4Extractor.FILE_TYPE_MP4, androidx.media3.extractor.mp4.Mp4Extractor.FILE_TYPE_QUICKTIME, androidx.media3.extractor.mp4.Mp4Extractor.FILE_TYPE_HEIC}" />
    </annotation>
  </item>
  <item name="androidx.media3.extractor.mp4.Mp4Extractor flags">
    <annotation name="androidx.annotation.IntDef">
      <val name="flag" val="true" />
      <val name="value" val="{androidx.media3.extractor.mp4.Mp4Extractor.FLAG_WORKAROUND_IGNORE_EDIT_LISTS, androidx.media3.extractor.mp4.Mp4Extractor.FLAG_READ_MOTION_PHOTO_METADATA, androidx.media3.extractor.mp4.Mp4Extractor.FLAG_READ_SEF_DATA, androidx.media3.extractor.mp4.Mp4Extractor.FLAG_MARK_FIRST_VIDEO_TRACK_WITH_MAIN_ROLE, androidx.media3.extractor.mp4.Mp4Extractor.FLAG_EMIT_RAW_SUBTITLE_DATA, androidx.media3.extractor.mp4.Mp4Extractor.FLAG_READ_WITHIN_GOP_SAMPLE_DEPENDENCIES, androidx.media3.extractor.mp4.Mp4Extractor.FLAG_READ_EDITABLE_VIDEO_TRACKS}" />
    </annotation>
  </item>
  <item name="androidx.media3.extractor.mp4.Mp4Extractor int brandToFileType(int)">
    <annotation name="androidx.annotation.IntDef">
      <val name="value" val="{androidx.media3.extractor.mp4.Mp4Extractor.FILE_TYPE_MP4, androidx.media3.extractor.mp4.Mp4Extractor.FILE_TYPE_QUICKTIME, androidx.media3.extractor.mp4.Mp4Extractor.FILE_TYPE_HEIC}" />
    </annotation>
  </item>
  <item name="androidx.media3.extractor.mp4.Mp4Extractor int processFtypAtom(androidx.media3.common.util.ParsableByteArray)">
    <annotation name="androidx.annotation.IntDef">
      <val name="value" val="{androidx.media3.extractor.mp4.Mp4Extractor.FILE_TYPE_MP4, androidx.media3.extractor.mp4.Mp4Extractor.FILE_TYPE_QUICKTIME, androidx.media3.extractor.mp4.Mp4Extractor.FILE_TYPE_HEIC}" />
    </annotation>
  </item>
  <item name="androidx.media3.extractor.mp4.Mp4Extractor int readSefData(androidx.media3.extractor.ExtractorInput, androidx.media3.extractor.PositionHolder)">
    <annotation name="androidx.annotation.IntDef">
      <val name="value" val="{androidx.media3.extractor.Extractor.RESULT_CONTINUE, androidx.media3.extractor.Extractor.RESULT_SEEK, androidx.media3.extractor.Extractor.RESULT_END_OF_INPUT}" />
    </annotation>
  </item>
  <item name="androidx.media3.extractor.mp4.Mp4Extractor parserState">
    <annotation name="androidx.annotation.IntDef">
      <val name="value" val="{androidx.media3.extractor.mp4.Mp4Extractor.STATE_READING_ATOM_HEADER, androidx.media3.extractor.mp4.Mp4Extractor.STATE_READING_ATOM_PAYLOAD, androidx.media3.extractor.mp4.Mp4Extractor.STATE_READING_SAMPLE, androidx.media3.extractor.mp4.Mp4Extractor.STATE_READING_SEF}" />
    </annotation>
  </item>
  <item name="androidx.media3.extractor.mp4.Mp4Extractor.Flags">
    <annotation name="androidx.annotation.IntDef">
      <val name="flag" val="true" />
      <val name="value" val="{androidx.media3.extractor.mp4.Mp4Extractor.FLAG_WORKAROUND_IGNORE_EDIT_LISTS, androidx.media3.extractor.mp4.Mp4Extractor.FLAG_READ_MOTION_PHOTO_METADATA, androidx.media3.extractor.mp4.Mp4Extractor.FLAG_READ_SEF_DATA, androidx.media3.extractor.mp4.Mp4Extractor.FLAG_MARK_FIRST_VIDEO_TRACK_WITH_MAIN_ROLE, androidx.media3.extractor.mp4.Mp4Extractor.FLAG_EMIT_RAW_SUBTITLE_DATA, androidx.media3.extractor.mp4.Mp4Extractor.FLAG_READ_WITHIN_GOP_SAMPLE_DEPENDENCIES, androidx.media3.extractor.mp4.Mp4Extractor.FLAG_READ_EDITABLE_VIDEO_TRACKS}" />
    </annotation>
  </item>
  <item name="androidx.media3.extractor.mp4.SefReader int nameToDataType(java.lang.String)">
    <annotation name="androidx.annotation.IntDef">
      <val name="value" val="{androidx.media3.extractor.mp4.SefReader.TYPE_SLOW_MOTION_DATA, androidx.media3.extractor.mp4.SefReader.TYPE_SUPER_SLOW_MOTION_DATA, androidx.media3.extractor.mp4.SefReader.TYPE_SUPER_SLOW_MOTION_BGM, androidx.media3.extractor.mp4.SefReader.TYPE_SUPER_SLOW_MOTION_EDIT_DATA, androidx.media3.extractor.mp4.SefReader.TYPE_SUPER_SLOW_DEFLICKERING_ON}" />
    </annotation>
  </item>
  <item name="androidx.media3.extractor.mp4.SefReader int read(androidx.media3.extractor.ExtractorInput, androidx.media3.extractor.PositionHolder, java.util.List&lt;androidx.media3.common.Metadata.Entry&gt;)">
    <annotation name="androidx.annotation.IntDef">
      <val name="value" val="{androidx.media3.extractor.Extractor.RESULT_CONTINUE, androidx.media3.extractor.Extractor.RESULT_SEEK, androidx.media3.extractor.Extractor.RESULT_END_OF_INPUT}" />
    </annotation>
  </item>
  <item name="androidx.media3.extractor.mp4.SefReader readerState">
    <annotation name="androidx.annotation.IntDef">
      <val name="value" val="{androidx.media3.extractor.mp4.SefReader.STATE_SHOULD_CHECK_FOR_SEF, androidx.media3.extractor.mp4.SefReader.STATE_CHECKING_FOR_SEF, androidx.media3.extractor.mp4.SefReader.STATE_READING_SDRS, androidx.media3.extractor.mp4.SefReader.STATE_READING_SEF_DATA}" />
    </annotation>
  </item>
  <item name="androidx.media3.extractor.mp4.SefReader.DataReference DataReference(int, long, int) 0">
    <annotation name="androidx.annotation.IntDef">
      <val name="value" val="{androidx.media3.extractor.mp4.SefReader.TYPE_SLOW_MOTION_DATA, androidx.media3.extractor.mp4.SefReader.TYPE_SUPER_SLOW_MOTION_DATA, androidx.media3.extractor.mp4.SefReader.TYPE_SUPER_SLOW_MOTION_BGM, androidx.media3.extractor.mp4.SefReader.TYPE_SUPER_SLOW_MOTION_EDIT_DATA, androidx.media3.extractor.mp4.SefReader.TYPE_SUPER_SLOW_DEFLICKERING_ON}" />
    </annotation>
  </item>
  <item name="androidx.media3.extractor.mp4.SefReader.DataReference dataType">
    <annotation name="androidx.annotation.IntDef">
      <val name="value" val="{androidx.media3.extractor.mp4.SefReader.TYPE_SLOW_MOTION_DATA, androidx.media3.extractor.mp4.SefReader.TYPE_SUPER_SLOW_MOTION_DATA, androidx.media3.extractor.mp4.SefReader.TYPE_SUPER_SLOW_MOTION_BGM, androidx.media3.extractor.mp4.SefReader.TYPE_SUPER_SLOW_MOTION_EDIT_DATA, androidx.media3.extractor.mp4.SefReader.TYPE_SUPER_SLOW_DEFLICKERING_ON}" />
    </annotation>
  </item>
  <item name="androidx.media3.extractor.mp4.SmtaAtomUtil int getCaptureFrameRate(int, androidx.media3.common.util.ParsableByteArray, int) 0">
    <annotation name="androidx.annotation.IntDef">
      <val name="open" val="true" />
      <val name="value" val="{androidx.media3.extractor.mp4.SmtaAtomUtil.NO_VALUE, androidx.media3.extractor.mp4.SmtaAtomUtil.CAMCORDER_NORMAL, androidx.media3.extractor.mp4.SmtaAtomUtil.CAMCORDER_SINGLE_SUPERSLOW_MOTION, androidx.media3.extractor.mp4.SmtaAtomUtil.CAMCORDER_FRC_SUPERSLOW_MOTION, androidx.media3.extractor.mp4.SmtaAtomUtil.CAMCORDER_SLOW_MOTION_V2, androidx.media3.extractor.mp4.SmtaAtomUtil.CAMCORDER_SLOW_MOTION_V2_120, androidx.media3.extractor.mp4.SmtaAtomUtil.CAMCORDER_SLOW_MOTION_V2_HEVC, androidx.media3.extractor.mp4.SmtaAtomUtil.CAMCORDER_FRC_SUPERSLOW_MOTION_HEVC, androidx.media3.extractor.mp4.SmtaAtomUtil.CAMCORDER_QFRC_SUPERSLOW_MOTION}" />
    </annotation>
  </item>
  <item name="androidx.media3.extractor.mp4.Track Track(int, int, long, long, long, long, androidx.media3.common.Format, int, androidx.media3.extractor.mp4.TrackEncryptionBox[], int, long[], long[]) 7">
    <annotation name="androidx.annotation.IntDef">
      <val name="value" val="{androidx.media3.extractor.mp4.Track.TRANSFORMATION_NONE, androidx.media3.extractor.mp4.Track.TRANSFORMATION_CEA608_CDAT}" />
    </annotation>
  </item>
  <item name="androidx.media3.extractor.mp4.Track sampleTransformation">
    <annotation name="androidx.annotation.IntDef">
      <val name="value" val="{androidx.media3.extractor.mp4.Track.TRANSFORMATION_NONE, androidx.media3.extractor.mp4.Track.TRANSFORMATION_CEA608_CDAT}" />
    </annotation>
  </item>
  <item name="androidx.media3.extractor.mp4.Track.Transformation">
    <annotation name="androidx.annotation.IntDef">
      <val name="value" val="{androidx.media3.extractor.mp4.Track.TRANSFORMATION_NONE, androidx.media3.extractor.mp4.Track.TRANSFORMATION_CEA608_CDAT}" />
    </annotation>
  </item>
</root>

